company_id,company
1,Dipl.-Ing. Gennadi Rouditser D.I.R.A. Arbeitsvermittlung & Unternehmensberatung
2,Syncwork
3,EMOS Software GmbH
4,JetBrains GmbH
5,denkwerk GmbH
6,Siemens Energy Global GmbH & Co. KG
7,alfatraining Bildungszentrum GmbH
8,50Hertz Transmission GmbH AD Berlin
9,DKB Service GmbH
10,Zalando SE
11,Bertrandt AG
12,Hays Professional Solutions GmbH Standort Dortmund
13,Getränke Hoffmann Gruppe KG
14,aconium GmbH Hauptsitz Berlin
15,KWS SAAT SE & Co. KGaA
16,Tesla Germany GmbH
17,Verti Versicherung AG
18,HelloFresh SE
19,Riverty GmbH
20,Helios Verwaltung Ost GmbH
21,Seier GmbH
22,Bankpower GmbH
23,bonprix
24,The Quality Group Gmbh
25,Nect GmbH
26,freenet
27,expertum GmbH
28,Rheinhold & Mahla GmbH
29,plusYou GmbH
30,SimpleXX GmbH
31,AERO HighProfessionals GmbH
32,Schleswig-Holstein Netz GmbH
33,FERCHAU GmbH Niederlassung Hamburg-City
34,IABG Industrieanlagen Betriebs-GmbH
35,ORANGE Engineering GmbH & Co. KG
36,"Orizon GmbH, Unit Aviation"
37,Akkodis Germany Tech Experts GmbH
38,Vestas Deutschland GmbH
39,Nexperia Germany GmbH
40,dabit Analytics GmbH
41,Finanz Informatik GmbH & Co. KG
42,Bechtle AG
43,Deutsche Bundesbank Zentrale
44,Constaff GmbH
45,NTT Global Data Centers EMEA GmbH
46,EY GmbH & Co. KG WPG
47,Westhouse Professionals GmbH
48,matchING Engineering GmbH
49,W. Brandenburg GmbH & Co.oHG
50,Deutsche Post AG Zentrale
51,Deutsche Bank AG
52,MAXON Computer GmbH
53,Google Germany GmbH
54,DERTOUR  Deutschland GmbH
55,Deutsche Bundesbank
56,NTT DATA Deutschland SE
57,compeople
58,Alexander Thamm GmbH
59,Infomotion GmbH
60,Checkout Charlie GmbH
61,Die Tech Recruiter GmbH
62,Anders & Ganz GmbH
63,twotickets GmbH
64,inovex GmbH
65,neuraflow GmbH
66,Automation Factory GmbH
67,BridgingIT GmbH
68,Eagleyard Photonics GmbH
69,Siemens AG
70,Da Vinci Engineering GmbH
71,Commerzbank AG
72,ALD Vacuum Technologies  GmbH
73,SMT Service-Medizin-Technik GmbH
74,con terra
75,Dataciders GmbH
76,Robert Koch-Institut
77,Europace Ratenkredit GmbH
78,Schwarz Digits
79,netgo group GmbH
80,engineering people GmbH Berlin
81,Syngenio
82,PRODATO
83,Bundesdruckerei Gruppe GmbH
84,Profi Talent Recruitment UG PTR
85,Deutsche Telekom AG
86,Statista
87,EY Consulting GmbH
88,facilioo - damit Hausverwaltung Spaß macht
89,Franklin Fitch Limited
90,plusYOU GmbH
91,SCHICKLER Unternehmensberatung
92,SIGNAL IDUNA Bauspar AG
93,Wichterich & Partner Gesellschaft für IT-Dienstleistungen mbH
94,PRODYNA
95,Finanz Informatik
96,ADEAL Systems
97,puro Personaldienstleistung GmbH
98,Computacenter AG & Co. oHG
99,nag informatik
100,integration-factory
101,Equinix (Germany) GmbH
102,DZ BANK
103,Bayer AG Pharmaceuticals
104,Parship
105,Bundesverwaltungsamt
106,NETCONOMY
107,Join Solutions GmbH
108,mgm technology partners GmbH
109,IBB Institut für Berufliche Bildung AG
110,MPI für Wiss.geschichte West
111,Delivery Hero SE
112,CHN Energy Europe Research GmbH
113,Actief Personalmanagement GmbH Berlin
114,NECT GmbH
115,NBS Northern Business School gGmbH
116,Qodia
117,TKMS GmbH
118,Agaplesion Management und Beratungsgesellschaft mbH
119,BWI GmbH
120,accadis Hochschule Bad Homburg gGmbH
121,SIEMENS AG
122,Industrie- und Handelskammer zu Berlin
123,Amazon
124,BettercallPaul
125,ALDB GmbH
126,SQLI
127,blackned GmbH
128,Capgemini Deutschland GmbH
129,Jan Schreiner Private Arbeitsvermittlung Arbitex
130,CarByte
131,GSK Stockmann
132,B. Braun
133,Vonovia
134,Amazon Web Services Developmen t Center Germany GmbH
135,Capgemini
136,SCOPE Engineering GmbH
137,DEKRA Arbeit GmbH
138,PPI AG
139,Deutsches                Klima rechenzentrum GmbH
140,ClassiX Software GmbH
141,ERGO
142,workidentity GmbH
143,codecentric
144,Dock 22 GmbH
145,YER
146,adesso
147,Hays Professional Solutions GmbH Standort Frankfurt
148,Yatta
149,Slalom
150,FERCHAU GmbH Niederlassung Frankfurt
151,Vodafone GmbH
152,Advancis Software & Services GmbH
153,equipme GmbH
154,ITech Progress GmbH
155,Talon.One
156,Rahantech GmbH
157,VB Consulting
158,LYNX Berlin
159,N26
160,think-cell
161,FERCHAU GmbH
162,Flix
163,Wbs Gruppe
164,denkwerk
165,Homaris
166,Alacris Theranostics GmbH
167,Enpal
168,Freenow
169,HiSolutions AG
170,Porsche Digital
171,GotPhoto
172,proSenio
173,KPMG
174,Alpine Business Consulting
175,Media University of Applied Sciences
176,Reply Deutschland SE
177,adsquare
178,Caspar Health
179,Nextwind Management GmbH
180,DataSmart Point GmbH
181,Flink
182,empit
183,Avanade Inc.
184,Rebuy Recommerce GmbH
185,Michael Page
186,HEADFOUND
187,1KOMMA5˚
188,energicos GmbH
189,Paintgun
190,Almedia
191,Sungrow Europe
192,marktguru Deutschland
193,Galileo Global Education
194,Factor Eleven
195,OMMAX
196,Flexa
197,Simovative GmbH
198,CHECK24 Vergleichsportal
199,ARTS
200,empiricus
201,Motel One Head Office
202,MEDIAPLUS Gruppe
203,VISPIRON GmbH
204,DRIVE Consulting
205,base camp management consulting
206,Unistaff
207,Base Camp Management Consulting GmbH
208,Allianz Digital Health GmbH
209,Ascent Digital Services DE GmbH
210,OG3 Holding GmbH
211,Guldberg
212,Actana Consulting Services GmbH
213,Usercentrics
214,MCG Memmingen GmbH
215,MCG Memmingen
216,Slash.digital GmbH
217,zeb
218,Smart Future Campus GmbH
219,kemb GmbH
220,Peter Park System GmbH
221,Processand
222,Peter Park
223,Peter Park System
224,Skalar
225,Xempus Deutschland GmbH
226,Air Apps
227,Google
228,Instaffo GmbH
229,ALL IN GROUP GmbH 
230,ISR Information Products AG
231,PEAC  GmbH
232,NECT
233,Freelance Partner
234,SThree Germany
235,iVentureGroup GmbH
236,Seier Holding GmbH & Co. KG
237,exmox
238,exmox GmbH
239,MMC
240,1Komma5°
241,DOMICIL Senioren-Residenzen Hamburg SE
242,The Information Lab Deutschland GmbH
243,The Information Lab
244,Sopra-Steria
245,1Komma5° GmbH
246,Mersztein2
247,Prodware Group
248,Hamburger Energienetze GmbH
249,vhh.mobility
250,Eraneos
251,Eraneos Germany GmbH
252,Calumet Photo Video
253,LichtBlick SE Intranet
254,Airbus Operations GmbH
255,Airbus
256,accantec group
257,suena GmbH
258,adesso SE
259,Nordex
260,Donner & Reuschel AG
261,EVIDENT Europe GmbH
262,Zeal Network
263,slp Holding
264,Union Investment
265,Emma
266,ZweiDigital GmbH
267,Julius Blum GmbH
268,SPIE Germany Switzerland Austria
269,Dateio
270,Infosys Consulting - Europe
271,Siemens
272,Hilton
273,Allianz Global Investors GmbH
274,Capco - The Capital Markets Company
275,Capco
276,Redcare Pharmacy
277,Konzernzentrale
278,Faszination
279,SPIE Efficient Facilities GmbH
280,jobvalley
281,MeinAuto GmbH
282,MeinAuto
283,Kaufland e-commerce Services GmbH & Co. KG
284,Eurowings
285,Mercor
286,Anyone AI
287,eClear AG
288,asgoodasnew electronics
289,dfv Mediengruppe
290,Darwin Recruitment
291,Source Group International
292,Synthflow AI
293,Engelhart
294,WeMatch.
295,Topoteretes UG 
296,dive solutions GmbH
297,OKAPI:Orbits GmbH
298,Preisenergie
299,Animore
300,Wemolo
301,AssetMetrix GmbH
302,Nvidia
303,Agile Robots SE
304,realworld one GmbH & Co. KG
305,realworld-one
306,autonomous-teaming
307,Avatr
308,AVATR Global Design Center
309,plusYOU
310,Leopold Advisors
311,Mindpeak
312,flound.
313,Amadeus Fire AG
314,Vertec AG
315,Global Market Solutions Germany
316,AMMGroup
317,Talents2Germany GmbH
318,spotixx GmbH
319,Next Kraftwerke
320,Talent Tree
321,areto.
322,REWE digital
323,OverTake GmbH
324,Tieto Germany GmbH
325,Robert-Koch-Institut
326,Huzzle
327,FindYou Consulting GmbH
328,Pergolux
329,SumUp
330,Hack The Box
331,Xcelirate
332,CloudFactory
333,trawa
334,GLS/NXT
335,Qorelo
336,Gropyus
337,vrame consult
338,Avomind
339,Controlware GmbH
340,XXXLutz
341,ANGEHEUERT GmbH Personalberatung
342,Moonfare
343,diconium
344,Parloa
345,LiveEO GmbH
346,Planet
347,Stark
348,Delivery Hero
349,Axel Springer Tech GmbH
350,Scalable GmbH
351,ANGEHEUERT GmbH
352,hallo theo
353,Quanto Solutions GmbH
354,Eberlein Kunz
355,NETINERA Deutschland GmbH
356,Galvany
357,INFOMOTION GmbH
358,BMW Group
359,ALL IN GROUP
360,CELUS
361,Project-S Space and Beyond Technologies GmbH
362,Squer
363,SQUER
364,Amfileon AG
365,E.ON Digital Technology GmbH
366,STAT-UP Statistical Consulting & Data Science
367,TrustYou
368,hubside - Die Recruitingwerkstatt
369,Thoughtworks
370,carbmee GmbH
371,JobRad Loop
372,PRODYNA SE
373,driveblocks
374,Personal Direkt 24 GmbH
375,Vesterling AG
376,Simon-Kucher & Partners
377,Ayvens
378,Reos GmbH
379,Delphi HR-Consulting GmbH
380,vrame Consult GmbH
381,R+V Allgemeine Versicherung AG
382,Highberg DACH
383,Highberg
384,EDEKA IT Stiftung & Co. OHG
385,Fehrmann Tech Group
386,Amazon Workforce Staffing
387,Amazon TA
388,Dr. Dienst & Partner
389,Jedox
390,IBM
391,Thinkport
392,Solactive AG
393,statworx
394,integration-factory & Co. KG
395,ING
396,Passion for People GmbH
397,Mindrift
398,Logicalis
399,Goodman Group
400,A100 ROW GmbH
401,Circonomit GmbH
402,REWE Group
403,"ISCC, Meo, 4C, GRAS, ClimatePal & TYC"
404,drjve AG
405,CGI
406,taod Consulting
407,taod Consulting GmbH
408,Kramer & Crew GmbH & Co. KG
409,areto Gruppe
410,rheindata
411,rheindata GmbH
412,Trusteq
413,Stolzberger GmbH
414,Akkodis
415,ARD ZDF Deutschlandradio Beitragsservice
416,super.AI
417,Sensmore
418,Just Eat
419,Tripledot Studios
420,Sonia
421,Vestiaire Collective
422,Deutsche Kreditbank AG 
423,Doopic GmbH
424,Not provided
425,Smartly
426,Peregrine Technologies GmbH
427,Zalando
428,Your mission dida
429,Merantix Momentum
430,idealo internet GmbH
431,brayn.io
432,voize
433,Amazon Development Center Germany GmbH
434,Match on Monday GmbH & Co. KG
435,PDR.cloud GmbH
436,Limebit GmbH
437,HelloFresh
438,Pfizer
439,FOM Hochschule für Oekonomie&Management gemeinnützige GmbH
440,mycareernow GmbH
441,Charité - Universitätsmedizin Berlin
442,Blackbird Robotersysteme GmbH
443,HOLZER Firmengruppe
444,Avelios Medical GmbH
445,International School of Management 
446,KNDS
447,Sonia Solutions
448,Holzer Human Resources
449,Holzer Human Resources GmbH
450,Pricenow
451,Gini
452,Huawei Research Center Germany
453,ZEISS
454,Batch Robotics GmbH
455,Expert Analytics GmbH
456,KNDS Deutschland
457,Advantest Europe GmbH
458,ARRK Engineering GmbH
459,LexCom Informationssysteme GmbH
460,Deutsches Zentrum für Luft- und Raumfahrt e.V. 
461,E Airbus Defence and Space GmbH
462,Technische Universität München 
463,Otto GmbH & Co. KGaA
464,best practice consulting AG
465,Blueforte
466,GPI Consulting
467,Workwise GmbH
468,Knowledge Foundation @ Reutlingen University
469,CHECK24
470,HanseMerkur Versicherungsgruppe
471,Deutsches Elektronen-Synchrotron DESY
472,ENCAVIS Management GmbH & Co. KG
473,XING
474,"Deutsche Telekom AG, Telekom Ausbildung"
475,YPOG
476,Philips
477,AGAPLESION gAG
478,Home / FIAS
479,Accenture
480,Bruski Smeets & Lange Rechtsanwälte Partnerschaft mbB
481,Claranet - Managed Services Provider
482,Jungwild GmbH
483,Devoteam G Cloud Germany
484,Frankfurt Institute for Advanced Studies & Cluster of Excellence SCALE
485,statworx GmbH
486,accadis Hochschule
487,Deutsche Bahn AG
488,Senacor
489,Deloitte
490,Unit8 SA
491,SKAD AG
492,NewNow Group
493,BCG Platinion
494,Kassenärztliche Vereinigung Nordrhein
495,Formel D GmbH
496,BarmeniaGothaer AG
497,WEBUILDAI GmbH
498,KI group
499,Infodas
500,Werusys Industrieinformatik GmbH & Co. KG
501,nerou GmbH
502,DatAds
503,Exclusive Associates
504,REWE digital GmbH
505,Vibe Group GmbH
506,Generali Deutschland AG
507,parcIT
508,cronos Unternehmensberatung
509,Next Job Abroad
510,dreifach.ai
511,IBsolution
512,GEMA - Gesellschaft für musik. Aufführungs- und mechan. Vervielfältigungsrechte
513,Sennheiser electronic SE & Co. KG
514,expertplace professionals
515,Noir
516,Dunia Innovations GmbH
517,Dunia Innovations
518,Karla
519,Sperton Global AS
520,DigitalService
521,Navan
522,Kuro Technology
523,Amazon Web Services Development Center Germany GmbH
524,HiveMQ
525,Nulegal GmbH
526,YO AI Labs
527,PIX4D
528,Realtime Robotics
529,Münchener Hypothekenbank eG
530,Ory
531,qwitto GmbH
532,Doctario GmbH
533,Destinus
534,TÜV SÜD
535,Wabtec Corporation
536,Isarsoft
537,Danaher Corporation
538,Sierra
539,deeploi GmbH
540,Lucke
541,Baldur Connect
542,Apex.AI
543,Webster & Webster Associates
544,BSI Business Systems Integration Deutschland GmbH
545,Seroton
546,HospiChef
547,constellr GmbH
548,uptodate sustainable solutions GmbH
549,A-Tech Recruitment
550,NFON
551,freiheit.com technologies
552,Wallee Group AG
553,Zellerfeld Shoe Company / Zellerfeld R&D
554,IP Dynamics
555,Speechify
556,adesso business consulting AG
557,Fender
558,Universal Quantum
559,Kumi Health GmbH
560,ng-voice GmbH
561,Liquid Reply GmbH
562,cc.systems GmbH
563,ai-omatic solutions GmbH
564,apoprojekt
565,slashwhy GmbH & Co. KG
566,slashwhy & Co. KG
567,dpa Deutsche Presse-Agentur
568,Adobe
569,workidentity
570,leonardo
571,Wall Street Docs
572,NVISO
573,Yatta Solutions GmbH
574,Traxpay GmbH
575,neoshare
576,360 Treasury Systems AG
577,APRIORI – BUSINESS SOLUTIONS AG
578,Policen Direkt Gruppe
579,Peak One GmbH
580,58agents GmbH
581,&Charge GmbH
582,APRIORI - business solutions AG
583,AXA
584,Catapult Sports
585,Circonomit
586,1NCE
587,Prematch
588,Sunhat
589,Prematch Sports GmbH
590,MobiLab Solutions GmbH
591,envelio
592,LOX Solutions GmbH
593,ADVERGY GmbH
594,Finton Advisors by EFPINAI GmbH
595,empower GmbH
596,Bestandsfaktor
597,SaltRock
598,ilert GmbH
599,Typus.ai
600,CompuSafe Data Systems AG
