date_id,date,year,quarter,month,month_name,iso_week,year_week,day_name
20220621,2022-06-21,2022,Q2,6,June,25,2022-W25,Tuesday
20220622,2022-06-22,2022,Q2,6,June,25,2022-W25,Wednesday
20220623,2022-06-23,2022,Q2,6,June,25,2022-W25,Thursday
20220624,2022-06-24,2022,Q2,6,June,25,2022-W25,Friday
20220625,2022-06-25,2022,Q2,6,June,25,2022-W25,Saturday
20220626,2022-06-26,2022,Q2,6,June,25,2022-W25,Sunday
20220627,2022-06-27,2022,Q2,6,June,26,2022-W26,Monday
20220628,2022-06-28,2022,Q2,6,June,26,2022-W26,Tuesday
20220629,2022-06-29,2022,Q2,6,June,26,2022-W26,Wednesday
20220630,2022-06-30,2022,Q2,6,June,26,2022-W26,Thursday
20220701,2022-07-01,2022,Q3,7,July,26,2022-W26,Friday
20220702,2022-07-02,2022,Q3,7,July,26,2022-W26,Saturday
20220703,2022-07-03,2022,Q3,7,July,26,2022-W26,Sunday
20220704,2022-07-04,2022,Q3,7,July,27,2022-W27,Monday
20220705,2022-07-05,2022,Q3,7,July,27,2022-W27,Tuesday
20220706,2022-07-06,2022,Q3,7,July,27,2022-W27,Wednesday
20220707,2022-07-07,2022,Q3,7,July,27,2022-W27,Thursday
20220708,2022-07-08,2022,Q3,7,July,27,2022-W27,Friday
20220709,2022-07-09,2022,Q3,7,July,27,2022-W27,Saturday
20220710,2022-07-10,2022,Q3,7,July,27,2022-W27,Sunday
20220711,2022-07-11,2022,Q3,7,July,28,2022-W28,Monday
20220712,2022-07-12,2022,Q3,7,July,28,2022-W28,Tuesday
20220713,2022-07-13,2022,Q3,7,July,28,2022-W28,Wednesday
20220714,2022-07-14,2022,Q3,7,July,28,2022-W28,Thursday
20220715,2022-07-15,2022,Q3,7,July,28,2022-W28,Friday
20220716,2022-07-16,2022,Q3,7,July,28,2022-W28,Saturday
20220717,2022-07-17,2022,Q3,7,July,28,2022-W28,Sunday
20220718,2022-07-18,2022,Q3,7,July,29,2022-W29,Monday
20220719,2022-07-19,2022,Q3,7,July,29,2022-W29,Tuesday
20220720,2022-07-20,2022,Q3,7,July,29,2022-W29,Wednesday
20220721,2022-07-21,2022,Q3,7,July,29,2022-W29,Thursday
20220722,2022-07-22,2022,Q3,7,July,29,2022-W29,Friday
20220723,2022-07-23,2022,Q3,7,July,29,2022-W29,Saturday
20220724,2022-07-24,2022,Q3,7,July,29,2022-W29,Sunday
20220725,2022-07-25,2022,Q3,7,July,30,2022-W30,Monday
20220726,2022-07-26,2022,Q3,7,July,30,2022-W30,Tuesday
20220727,2022-07-27,2022,Q3,7,July,30,2022-W30,Wednesday
20220728,2022-07-28,2022,Q3,7,July,30,2022-W30,Thursday
20220729,2022-07-29,2022,Q3,7,July,30,2022-W30,Friday
20220730,2022-07-30,2022,Q3,7,July,30,2022-W30,Saturday
20220731,2022-07-31,2022,Q3,7,July,30,2022-W30,Sunday
20220801,2022-08-01,2022,Q3,8,August,31,2022-W31,Monday
20220802,2022-08-02,2022,Q3,8,August,31,2022-W31,Tuesday
20220803,2022-08-03,2022,Q3,8,August,31,2022-W31,Wednesday
20220804,2022-08-04,2022,Q3,8,August,31,2022-W31,Thursday
20220805,2022-08-05,2022,Q3,8,August,31,2022-W31,Friday
20220806,2022-08-06,2022,Q3,8,August,31,2022-W31,Saturday
20220807,2022-08-07,2022,Q3,8,August,31,2022-W31,Sunday
20220808,2022-08-08,2022,Q3,8,August,32,2022-W32,Monday
20220809,2022-08-09,2022,Q3,8,August,32,2022-W32,Tuesday
20220810,2022-08-10,2022,Q3,8,August,32,2022-W32,Wednesday
20220811,2022-08-11,2022,Q3,8,August,32,2022-W32,Thursday
20220812,2022-08-12,2022,Q3,8,August,32,2022-W32,Friday
20220813,2022-08-13,2022,Q3,8,August,32,2022-W32,Saturday
20220814,2022-08-14,2022,Q3,8,August,32,2022-W32,Sunday
20220815,2022-08-15,2022,Q3,8,August,33,2022-W33,Monday
20220816,2022-08-16,2022,Q3,8,August,33,2022-W33,Tuesday
20220817,2022-08-17,2022,Q3,8,August,33,2022-W33,Wednesday
20220818,2022-08-18,2022,Q3,8,August,33,2022-W33,Thursday
20220819,2022-08-19,2022,Q3,8,August,33,2022-W33,Friday
20220820,2022-08-20,2022,Q3,8,August,33,2022-W33,Saturday
20220821,2022-08-21,2022,Q3,8,August,33,2022-W33,Sunday
20220822,2022-08-22,2022,Q3,8,August,34,2022-W34,Monday
20220823,2022-08-23,2022,Q3,8,August,34,2022-W34,Tuesday
20220824,2022-08-24,2022,Q3,8,August,34,2022-W34,Wednesday
20220825,2022-08-25,2022,Q3,8,August,34,2022-W34,Thursday
20220826,2022-08-26,2022,Q3,8,August,34,2022-W34,Friday
20220827,2022-08-27,2022,Q3,8,August,34,2022-W34,Saturday
20220828,2022-08-28,2022,Q3,8,August,34,2022-W34,Sunday
20220829,2022-08-29,2022,Q3,8,August,35,2022-W35,Monday
20220830,2022-08-30,2022,Q3,8,August,35,2022-W35,Tuesday
20220831,2022-08-31,2022,Q3,8,August,35,2022-W35,Wednesday
20220901,2022-09-01,2022,Q3,9,September,35,2022-W35,Thursday
20220902,2022-09-02,2022,Q3,9,September,35,2022-W35,Friday
20220903,2022-09-03,2022,Q3,9,September,35,2022-W35,Saturday
20220904,2022-09-04,2022,Q3,9,September,35,2022-W35,Sunday
20220905,2022-09-05,2022,Q3,9,September,36,2022-W36,Monday
20220906,2022-09-06,2022,Q3,9,September,36,2022-W36,Tuesday
20220907,2022-09-07,2022,Q3,9,September,36,2022-W36,Wednesday
20220908,2022-09-08,2022,Q3,9,September,36,2022-W36,Thursday
20220909,2022-09-09,2022,Q3,9,September,36,2022-W36,Friday
20220910,2022-09-10,2022,Q3,9,September,36,2022-W36,Saturday
20220911,2022-09-11,2022,Q3,9,September,36,2022-W36,Sunday
20220912,2022-09-12,2022,Q3,9,September,37,2022-W37,Monday
20220913,2022-09-13,2022,Q3,9,September,37,2022-W37,Tuesday
20220914,2022-09-14,2022,Q3,9,September,37,2022-W37,Wednesday
20220915,2022-09-15,2022,Q3,9,September,37,2022-W37,Thursday
20220916,2022-09-16,2022,Q3,9,September,37,2022-W37,Friday
20220917,2022-09-17,2022,Q3,9,September,37,2022-W37,Saturday
20220918,2022-09-18,2022,Q3,9,September,37,2022-W37,Sunday
20220919,2022-09-19,2022,Q3,9,September,38,2022-W38,Monday
20220920,2022-09-20,2022,Q3,9,September,38,2022-W38,Tuesday
20220921,2022-09-21,2022,Q3,9,September,38,2022-W38,Wednesday
20220922,2022-09-22,2022,Q3,9,September,38,2022-W38,Thursday
20220923,2022-09-23,2022,Q3,9,September,38,2022-W38,Friday
20220924,2022-09-24,2022,Q3,9,September,38,2022-W38,Saturday
20220925,2022-09-25,2022,Q3,9,September,38,2022-W38,Sunday
20220926,2022-09-26,2022,Q3,9,September,39,2022-W39,Monday
20220927,2022-09-27,2022,Q3,9,September,39,2022-W39,Tuesday
20220928,2022-09-28,2022,Q3,9,September,39,2022-W39,Wednesday
20220929,2022-09-29,2022,Q3,9,September,39,2022-W39,Thursday
20220930,2022-09-30,2022,Q3,9,September,39,2022-W39,Friday
20221001,2022-10-01,2022,Q4,10,October,39,2022-W39,Saturday
20221002,2022-10-02,2022,Q4,10,October,39,2022-W39,Sunday
20221003,2022-10-03,2022,Q4,10,October,40,2022-W40,Monday
20221004,2022-10-04,2022,Q4,10,October,40,2022-W40,Tuesday
20221005,2022-10-05,2022,Q4,10,October,40,2022-W40,Wednesday
20221006,2022-10-06,2022,Q4,10,October,40,2022-W40,Thursday
20221007,2022-10-07,2022,Q4,10,October,40,2022-W40,Friday
20221008,2022-10-08,2022,Q4,10,October,40,2022-W40,Saturday
20221009,2022-10-09,2022,Q4,10,October,40,2022-W40,Sunday
20221010,2022-10-10,2022,Q4,10,October,41,2022-W41,Monday
20221011,2022-10-11,2022,Q4,10,October,41,2022-W41,Tuesday
20221012,2022-10-12,2022,Q4,10,October,41,2022-W41,Wednesday
20221013,2022-10-13,2022,Q4,10,October,41,2022-W41,Thursday
20221014,2022-10-14,2022,Q4,10,October,41,2022-W41,Friday
20221015,2022-10-15,2022,Q4,10,October,41,2022-W41,Saturday
20221016,2022-10-16,2022,Q4,10,October,41,2022-W41,Sunday
20221017,2022-10-17,2022,Q4,10,October,42,2022-W42,Monday
20221018,2022-10-18,2022,Q4,10,October,42,2022-W42,Tuesday
20221019,2022-10-19,2022,Q4,10,October,42,2022-W42,Wednesday
20221020,2022-10-20,2022,Q4,10,October,42,2022-W42,Thursday
20221021,2022-10-21,2022,Q4,10,October,42,2022-W42,Friday
20221022,2022-10-22,2022,Q4,10,October,42,2022-W42,Saturday
20221023,2022-10-23,2022,Q4,10,October,42,2022-W42,Sunday
20221024,2022-10-24,2022,Q4,10,October,43,2022-W43,Monday
20221025,2022-10-25,2022,Q4,10,October,43,2022-W43,Tuesday
20221026,2022-10-26,2022,Q4,10,October,43,2022-W43,Wednesday
20221027,2022-10-27,2022,Q4,10,October,43,2022-W43,Thursday
20221028,2022-10-28,2022,Q4,10,October,43,2022-W43,Friday
20221029,2022-10-29,2022,Q4,10,October,43,2022-W43,Saturday
20221030,2022-10-30,2022,Q4,10,October,43,2022-W43,Sunday
20221031,2022-10-31,2022,Q4,10,October,44,2022-W44,Monday
20221101,2022-11-01,2022,Q4,11,November,44,2022-W44,Tuesday
20221102,2022-11-02,2022,Q4,11,November,44,2022-W44,Wednesday
20221103,2022-11-03,2022,Q4,11,November,44,2022-W44,Thursday
20221104,2022-11-04,2022,Q4,11,November,44,2022-W44,Friday
20221105,2022-11-05,2022,Q4,11,November,44,2022-W44,Saturday
20221106,2022-11-06,2022,Q4,11,November,44,2022-W44,Sunday
20221107,2022-11-07,2022,Q4,11,November,45,2022-W45,Monday
20221108,2022-11-08,2022,Q4,11,November,45,2022-W45,Tuesday
20221109,2022-11-09,2022,Q4,11,November,45,2022-W45,Wednesday
20221110,2022-11-10,2022,Q4,11,November,45,2022-W45,Thursday
20221111,2022-11-11,2022,Q4,11,November,45,2022-W45,Friday
20221112,2022-11-12,2022,Q4,11,November,45,2022-W45,Saturday
20221113,2022-11-13,2022,Q4,11,November,45,2022-W45,Sunday
20221114,2022-11-14,2022,Q4,11,November,46,2022-W46,Monday
20221115,2022-11-15,2022,Q4,11,November,46,2022-W46,Tuesday
20221116,2022-11-16,2022,Q4,11,November,46,2022-W46,Wednesday
20221117,2022-11-17,2022,Q4,11,November,46,2022-W46,Thursday
20221118,2022-11-18,2022,Q4,11,November,46,2022-W46,Friday
20221119,2022-11-19,2022,Q4,11,November,46,2022-W46,Saturday
20221120,2022-11-20,2022,Q4,11,November,46,2022-W46,Sunday
20221121,2022-11-21,2022,Q4,11,November,47,2022-W47,Monday
20221122,2022-11-22,2022,Q4,11,November,47,2022-W47,Tuesday
20221123,2022-11-23,2022,Q4,11,November,47,2022-W47,Wednesday
20221124,2022-11-24,2022,Q4,11,November,47,2022-W47,Thursday
20221125,2022-11-25,2022,Q4,11,November,47,2022-W47,Friday
20221126,2022-11-26,2022,Q4,11,November,47,2022-W47,Saturday
20221127,2022-11-27,2022,Q4,11,November,47,2022-W47,Sunday
20221128,2022-11-28,2022,Q4,11,November,48,2022-W48,Monday
20221129,2022-11-29,2022,Q4,11,November,48,2022-W48,Tuesday
20221130,2022-11-30,2022,Q4,11,November,48,2022-W48,Wednesday
20221201,2022-12-01,2022,Q4,12,December,48,2022-W48,Thursday
20221202,2022-12-02,2022,Q4,12,December,48,2022-W48,Friday
20221203,2022-12-03,2022,Q4,12,December,48,2022-W48,Saturday
20221204,2022-12-04,2022,Q4,12,December,48,2022-W48,Sunday
20221205,2022-12-05,2022,Q4,12,December,49,2022-W49,Monday
20221206,2022-12-06,2022,Q4,12,December,49,2022-W49,Tuesday
20221207,2022-12-07,2022,Q4,12,December,49,2022-W49,Wednesday
20221208,2022-12-08,2022,Q4,12,December,49,2022-W49,Thursday
20221209,2022-12-09,2022,Q4,12,December,49,2022-W49,Friday
20221210,2022-12-10,2022,Q4,12,December,49,2022-W49,Saturday
20221211,2022-12-11,2022,Q4,12,December,49,2022-W49,Sunday
20221212,2022-12-12,2022,Q4,12,December,50,2022-W50,Monday
20221213,2022-12-13,2022,Q4,12,December,50,2022-W50,Tuesday
20221214,2022-12-14,2022,Q4,12,December,50,2022-W50,Wednesday
20221215,2022-12-15,2022,Q4,12,December,50,2022-W50,Thursday
20221216,2022-12-16,2022,Q4,12,December,50,2022-W50,Friday
20221217,2022-12-17,2022,Q4,12,December,50,2022-W50,Saturday
20221218,2022-12-18,2022,Q4,12,December,50,2022-W50,Sunday
20221219,2022-12-19,2022,Q4,12,December,51,2022-W51,Monday
20221220,2022-12-20,2022,Q4,12,December,51,2022-W51,Tuesday
20221221,2022-12-21,2022,Q4,12,December,51,2022-W51,Wednesday
20221222,2022-12-22,2022,Q4,12,December,51,2022-W51,Thursday
20221223,2022-12-23,2022,Q4,12,December,51,2022-W51,Friday
20221224,2022-12-24,2022,Q4,12,December,51,2022-W51,Saturday
20221225,2022-12-25,2022,Q4,12,December,51,2022-W51,Sunday
20221226,2022-12-26,2022,Q4,12,December,52,2022-W52,Monday
20221227,2022-12-27,2022,Q4,12,December,52,2022-W52,Tuesday
20221228,2022-12-28,2022,Q4,12,December,52,2022-W52,Wednesday
20221229,2022-12-29,2022,Q4,12,December,52,2022-W52,Thursday
20221230,2022-12-30,2022,Q4,12,December,52,2022-W52,Friday
20221231,2022-12-31,2022,Q4,12,December,52,2022-W52,Saturday
20230101,2023-01-01,2023,Q1,1,January,52,2023-W52,Sunday
20230102,2023-01-02,2023,Q1,1,January,1,2023-W01,Monday
20230103,2023-01-03,2023,Q1,1,January,1,2023-W01,Tuesday
20230104,2023-01-04,2023,Q1,1,January,1,2023-W01,Wednesday
20230105,2023-01-05,2023,Q1,1,January,1,2023-W01,Thursday
20230106,2023-01-06,2023,Q1,1,January,1,2023-W01,Friday
20230107,2023-01-07,2023,Q1,1,January,1,2023-W01,Saturday
20230108,2023-01-08,2023,Q1,1,January,1,2023-W01,Sunday
20230109,2023-01-09,2023,Q1,1,January,2,2023-W02,Monday
20230110,2023-01-10,2023,Q1,1,January,2,2023-W02,Tuesday
20230111,2023-01-11,2023,Q1,1,January,2,2023-W02,Wednesday
20230112,2023-01-12,2023,Q1,1,January,2,2023-W02,Thursday
20230113,2023-01-13,2023,Q1,1,January,2,2023-W02,Friday
20230114,2023-01-14,2023,Q1,1,January,2,2023-W02,Saturday
20230115,2023-01-15,2023,Q1,1,January,2,2023-W02,Sunday
20230116,2023-01-16,2023,Q1,1,January,3,2023-W03,Monday
20230117,2023-01-17,2023,Q1,1,January,3,2023-W03,Tuesday
20230118,2023-01-18,2023,Q1,1,January,3,2023-W03,Wednesday
20230119,2023-01-19,2023,Q1,1,January,3,2023-W03,Thursday
20230120,2023-01-20,2023,Q1,1,January,3,2023-W03,Friday
20230121,2023-01-21,2023,Q1,1,January,3,2023-W03,Saturday
20230122,2023-01-22,2023,Q1,1,January,3,2023-W03,Sunday
20230123,2023-01-23,2023,Q1,1,January,4,2023-W04,Monday
20230124,2023-01-24,2023,Q1,1,January,4,2023-W04,Tuesday
20230125,2023-01-25,2023,Q1,1,January,4,2023-W04,Wednesday
20230126,2023-01-26,2023,Q1,1,January,4,2023-W04,Thursday
20230127,2023-01-27,2023,Q1,1,January,4,2023-W04,Friday
20230128,2023-01-28,2023,Q1,1,January,4,2023-W04,Saturday
20230129,2023-01-29,2023,Q1,1,January,4,2023-W04,Sunday
20230130,2023-01-30,2023,Q1,1,January,5,2023-W05,Monday
20230131,2023-01-31,2023,Q1,1,January,5,2023-W05,Tuesday
20230201,2023-02-01,2023,Q1,2,February,5,2023-W05,Wednesday
20230202,2023-02-02,2023,Q1,2,February,5,2023-W05,Thursday
20230203,2023-02-03,2023,Q1,2,February,5,2023-W05,Friday
20230204,2023-02-04,2023,Q1,2,February,5,2023-W05,Saturday
20230205,2023-02-05,2023,Q1,2,February,5,2023-W05,Sunday
20230206,2023-02-06,2023,Q1,2,February,6,2023-W06,Monday
20230207,2023-02-07,2023,Q1,2,February,6,2023-W06,Tuesday
20230208,2023-02-08,2023,Q1,2,February,6,2023-W06,Wednesday
20230209,2023-02-09,2023,Q1,2,February,6,2023-W06,Thursday
20230210,2023-02-10,2023,Q1,2,February,6,2023-W06,Friday
20230211,2023-02-11,2023,Q1,2,February,6,2023-W06,Saturday
20230212,2023-02-12,2023,Q1,2,February,6,2023-W06,Sunday
20230213,2023-02-13,2023,Q1,2,February,7,2023-W07,Monday
20230214,2023-02-14,2023,Q1,2,February,7,2023-W07,Tuesday
20230215,2023-02-15,2023,Q1,2,February,7,2023-W07,Wednesday
20230216,2023-02-16,2023,Q1,2,February,7,2023-W07,Thursday
20230217,2023-02-17,2023,Q1,2,February,7,2023-W07,Friday
20230218,2023-02-18,2023,Q1,2,February,7,2023-W07,Saturday
20230219,2023-02-19,2023,Q1,2,February,7,2023-W07,Sunday
20230220,2023-02-20,2023,Q1,2,February,8,2023-W08,Monday
20230221,2023-02-21,2023,Q1,2,February,8,2023-W08,Tuesday
20230222,2023-02-22,2023,Q1,2,February,8,2023-W08,Wednesday
20230223,2023-02-23,2023,Q1,2,February,8,2023-W08,Thursday
20230224,2023-02-24,2023,Q1,2,February,8,2023-W08,Friday
20230225,2023-02-25,2023,Q1,2,February,8,2023-W08,Saturday
20230226,2023-02-26,2023,Q1,2,February,8,2023-W08,Sunday
20230227,2023-02-27,2023,Q1,2,February,9,2023-W09,Monday
20230228,2023-02-28,2023,Q1,2,February,9,2023-W09,Tuesday
20230301,2023-03-01,2023,Q1,3,March,9,2023-W09,Wednesday
20230302,2023-03-02,2023,Q1,3,March,9,2023-W09,Thursday
20230303,2023-03-03,2023,Q1,3,March,9,2023-W09,Friday
20230304,2023-03-04,2023,Q1,3,March,9,2023-W09,Saturday
20230305,2023-03-05,2023,Q1,3,March,9,2023-W09,Sunday
20230306,2023-03-06,2023,Q1,3,March,10,2023-W10,Monday
20230307,2023-03-07,2023,Q1,3,March,10,2023-W10,Tuesday
20230308,2023-03-08,2023,Q1,3,March,10,2023-W10,Wednesday
20230309,2023-03-09,2023,Q1,3,March,10,2023-W10,Thursday
20230310,2023-03-10,2023,Q1,3,March,10,2023-W10,Friday
20230311,2023-03-11,2023,Q1,3,March,10,2023-W10,Saturday
20230312,2023-03-12,2023,Q1,3,March,10,2023-W10,Sunday
20230313,2023-03-13,2023,Q1,3,March,11,2023-W11,Monday
20230314,2023-03-14,2023,Q1,3,March,11,2023-W11,Tuesday
20230315,2023-03-15,2023,Q1,3,March,11,2023-W11,Wednesday
20230316,2023-03-16,2023,Q1,3,March,11,2023-W11,Thursday
20230317,2023-03-17,2023,Q1,3,March,11,2023-W11,Friday
20230318,2023-03-18,2023,Q1,3,March,11,2023-W11,Saturday
20230319,2023-03-19,2023,Q1,3,March,11,2023-W11,Sunday
20230320,2023-03-20,2023,Q1,3,March,12,2023-W12,Monday
20230321,2023-03-21,2023,Q1,3,March,12,2023-W12,Tuesday
20230322,2023-03-22,2023,Q1,3,March,12,2023-W12,Wednesday
20230323,2023-03-23,2023,Q1,3,March,12,2023-W12,Thursday
20230324,2023-03-24,2023,Q1,3,March,12,2023-W12,Friday
20230325,2023-03-25,2023,Q1,3,March,12,2023-W12,Saturday
20230326,2023-03-26,2023,Q1,3,March,12,2023-W12,Sunday
20230327,2023-03-27,2023,Q1,3,March,13,2023-W13,Monday
20230328,2023-03-28,2023,Q1,3,March,13,2023-W13,Tuesday
20230329,2023-03-29,2023,Q1,3,March,13,2023-W13,Wednesday
20230330,2023-03-30,2023,Q1,3,March,13,2023-W13,Thursday
20230331,2023-03-31,2023,Q1,3,March,13,2023-W13,Friday
20230401,2023-04-01,2023,Q2,4,April,13,2023-W13,Saturday
20230402,2023-04-02,2023,Q2,4,April,13,2023-W13,Sunday
20230403,2023-04-03,2023,Q2,4,April,14,2023-W14,Monday
20230404,2023-04-04,2023,Q2,4,April,14,2023-W14,Tuesday
20230405,2023-04-05,2023,Q2,4,April,14,2023-W14,Wednesday
20230406,2023-04-06,2023,Q2,4,April,14,2023-W14,Thursday
20230407,2023-04-07,2023,Q2,4,April,14,2023-W14,Friday
20230408,2023-04-08,2023,Q2,4,April,14,2023-W14,Saturday
20230409,2023-04-09,2023,Q2,4,April,14,2023-W14,Sunday
20230410,2023-04-10,2023,Q2,4,April,15,2023-W15,Monday
20230411,2023-04-11,2023,Q2,4,April,15,2023-W15,Tuesday
20230412,2023-04-12,2023,Q2,4,April,15,2023-W15,Wednesday
20230413,2023-04-13,2023,Q2,4,April,15,2023-W15,Thursday
20230414,2023-04-14,2023,Q2,4,April,15,2023-W15,Friday
20230415,2023-04-15,2023,Q2,4,April,15,2023-W15,Saturday
20230416,2023-04-16,2023,Q2,4,April,15,2023-W15,Sunday
20230417,2023-04-17,2023,Q2,4,April,16,2023-W16,Monday
20230418,2023-04-18,2023,Q2,4,April,16,2023-W16,Tuesday
20230419,2023-04-19,2023,Q2,4,April,16,2023-W16,Wednesday
20230420,2023-04-20,2023,Q2,4,April,16,2023-W16,Thursday
20230421,2023-04-21,2023,Q2,4,April,16,2023-W16,Friday
20230422,2023-04-22,2023,Q2,4,April,16,2023-W16,Saturday
20230423,2023-04-23,2023,Q2,4,April,16,2023-W16,Sunday
20230424,2023-04-24,2023,Q2,4,April,17,2023-W17,Monday
20230425,2023-04-25,2023,Q2,4,April,17,2023-W17,Tuesday
20230426,2023-04-26,2023,Q2,4,April,17,2023-W17,Wednesday
20230427,2023-04-27,2023,Q2,4,April,17,2023-W17,Thursday
20230428,2023-04-28,2023,Q2,4,April,17,2023-W17,Friday
20230429,2023-04-29,2023,Q2,4,April,17,2023-W17,Saturday
20230430,2023-04-30,2023,Q2,4,April,17,2023-W17,Sunday
20230501,2023-05-01,2023,Q2,5,May,18,2023-W18,Monday
20230502,2023-05-02,2023,Q2,5,May,18,2023-W18,Tuesday
20230503,2023-05-03,2023,Q2,5,May,18,2023-W18,Wednesday
20230504,2023-05-04,2023,Q2,5,May,18,2023-W18,Thursday
20230505,2023-05-05,2023,Q2,5,May,18,2023-W18,Friday
20230506,2023-05-06,2023,Q2,5,May,18,2023-W18,Saturday
20230507,2023-05-07,2023,Q2,5,May,18,2023-W18,Sunday
20230508,2023-05-08,2023,Q2,5,May,19,2023-W19,Monday
20230509,2023-05-09,2023,Q2,5,May,19,2023-W19,Tuesday
20230510,2023-05-10,2023,Q2,5,May,19,2023-W19,Wednesday
20230511,2023-05-11,2023,Q2,5,May,19,2023-W19,Thursday
20230512,2023-05-12,2023,Q2,5,May,19,2023-W19,Friday
20230513,2023-05-13,2023,Q2,5,May,19,2023-W19,Saturday
20230514,2023-05-14,2023,Q2,5,May,19,2023-W19,Sunday
20230515,2023-05-15,2023,Q2,5,May,20,2023-W20,Monday
20230516,2023-05-16,2023,Q2,5,May,20,2023-W20,Tuesday
20230517,2023-05-17,2023,Q2,5,May,20,2023-W20,Wednesday
20230518,2023-05-18,2023,Q2,5,May,20,2023-W20,Thursday
20230519,2023-05-19,2023,Q2,5,May,20,2023-W20,Friday
20230520,2023-05-20,2023,Q2,5,May,20,2023-W20,Saturday
20230521,2023-05-21,2023,Q2,5,May,20,2023-W20,Sunday
20230522,2023-05-22,2023,Q2,5,May,21,2023-W21,Monday
20230523,2023-05-23,2023,Q2,5,May,21,2023-W21,Tuesday
20230524,2023-05-24,2023,Q2,5,May,21,2023-W21,Wednesday
20230525,2023-05-25,2023,Q2,5,May,21,2023-W21,Thursday
20230526,2023-05-26,2023,Q2,5,May,21,2023-W21,Friday
20230527,2023-05-27,2023,Q2,5,May,21,2023-W21,Saturday
20230528,2023-05-28,2023,Q2,5,May,21,2023-W21,Sunday
20230529,2023-05-29,2023,Q2,5,May,22,2023-W22,Monday
20230530,2023-05-30,2023,Q2,5,May,22,2023-W22,Tuesday
20230531,2023-05-31,2023,Q2,5,May,22,2023-W22,Wednesday
20230601,2023-06-01,2023,Q2,6,June,22,2023-W22,Thursday
20230602,2023-06-02,2023,Q2,6,June,22,2023-W22,Friday
20230603,2023-06-03,2023,Q2,6,June,22,2023-W22,Saturday
20230604,2023-06-04,2023,Q2,6,June,22,2023-W22,Sunday
20230605,2023-06-05,2023,Q2,6,June,23,2023-W23,Monday
20230606,2023-06-06,2023,Q2,6,June,23,2023-W23,Tuesday
20230607,2023-06-07,2023,Q2,6,June,23,2023-W23,Wednesday
20230608,2023-06-08,2023,Q2,6,June,23,2023-W23,Thursday
20230609,2023-06-09,2023,Q2,6,June,23,2023-W23,Friday
20230610,2023-06-10,2023,Q2,6,June,23,2023-W23,Saturday
20230611,2023-06-11,2023,Q2,6,June,23,2023-W23,Sunday
20230612,2023-06-12,2023,Q2,6,June,24,2023-W24,Monday
20230613,2023-06-13,2023,Q2,6,June,24,2023-W24,Tuesday
20230614,2023-06-14,2023,Q2,6,June,24,2023-W24,Wednesday
20230615,2023-06-15,2023,Q2,6,June,24,2023-W24,Thursday
20230616,2023-06-16,2023,Q2,6,June,24,2023-W24,Friday
20230617,2023-06-17,2023,Q2,6,June,24,2023-W24,Saturday
20230618,2023-06-18,2023,Q2,6,June,24,2023-W24,Sunday
20230619,2023-06-19,2023,Q2,6,June,25,2023-W25,Monday
20230620,2023-06-20,2023,Q2,6,June,25,2023-W25,Tuesday
20230621,2023-06-21,2023,Q2,6,June,25,2023-W25,Wednesday
20230622,2023-06-22,2023,Q2,6,June,25,2023-W25,Thursday
20230623,2023-06-23,2023,Q2,6,June,25,2023-W25,Friday
20230624,2023-06-24,2023,Q2,6,June,25,2023-W25,Saturday
20230625,2023-06-25,2023,Q2,6,June,25,2023-W25,Sunday
20230626,2023-06-26,2023,Q2,6,June,26,2023-W26,Monday
20230627,2023-06-27,2023,Q2,6,June,26,2023-W26,Tuesday
20230628,2023-06-28,2023,Q2,6,June,26,2023-W26,Wednesday
20230629,2023-06-29,2023,Q2,6,June,26,2023-W26,Thursday
20230630,2023-06-30,2023,Q2,6,June,26,2023-W26,Friday
20230701,2023-07-01,2023,Q3,7,July,26,2023-W26,Saturday
20230702,2023-07-02,2023,Q3,7,July,26,2023-W26,Sunday
20230703,2023-07-03,2023,Q3,7,July,27,2023-W27,Monday
20230704,2023-07-04,2023,Q3,7,July,27,2023-W27,Tuesday
20230705,2023-07-05,2023,Q3,7,July,27,2023-W27,Wednesday
20230706,2023-07-06,2023,Q3,7,July,27,2023-W27,Thursday
20230707,2023-07-07,2023,Q3,7,July,27,2023-W27,Friday
20230708,2023-07-08,2023,Q3,7,July,27,2023-W27,Saturday
20230709,2023-07-09,2023,Q3,7,July,27,2023-W27,Sunday
20230710,2023-07-10,2023,Q3,7,July,28,2023-W28,Monday
20230711,2023-07-11,2023,Q3,7,July,28,2023-W28,Tuesday
20230712,2023-07-12,2023,Q3,7,July,28,2023-W28,Wednesday
20230713,2023-07-13,2023,Q3,7,July,28,2023-W28,Thursday
20230714,2023-07-14,2023,Q3,7,July,28,2023-W28,Friday
20230715,2023-07-15,2023,Q3,7,July,28,2023-W28,Saturday
20230716,2023-07-16,2023,Q3,7,July,28,2023-W28,Sunday
20230717,2023-07-17,2023,Q3,7,July,29,2023-W29,Monday
20230718,2023-07-18,2023,Q3,7,July,29,2023-W29,Tuesday
20230719,2023-07-19,2023,Q3,7,July,29,2023-W29,Wednesday
20230720,2023-07-20,2023,Q3,7,July,29,2023-W29,Thursday
20230721,2023-07-21,2023,Q3,7,July,29,2023-W29,Friday
20230722,2023-07-22,2023,Q3,7,July,29,2023-W29,Saturday
20230723,2023-07-23,2023,Q3,7,July,29,2023-W29,Sunday
20230724,2023-07-24,2023,Q3,7,July,30,2023-W30,Monday
20230725,2023-07-25,2023,Q3,7,July,30,2023-W30,Tuesday
20230726,2023-07-26,2023,Q3,7,July,30,2023-W30,Wednesday
20230727,2023-07-27,2023,Q3,7,July,30,2023-W30,Thursday
20230728,2023-07-28,2023,Q3,7,July,30,2023-W30,Friday
20230729,2023-07-29,2023,Q3,7,July,30,2023-W30,Saturday
20230730,2023-07-30,2023,Q3,7,July,30,2023-W30,Sunday
20230731,2023-07-31,2023,Q3,7,July,31,2023-W31,Monday
20230801,2023-08-01,2023,Q3,8,August,31,2023-W31,Tuesday
20230802,2023-08-02,2023,Q3,8,August,31,2023-W31,Wednesday
20230803,2023-08-03,2023,Q3,8,August,31,2023-W31,Thursday
20230804,2023-08-04,2023,Q3,8,August,31,2023-W31,Friday
20230805,2023-08-05,2023,Q3,8,August,31,2023-W31,Saturday
20230806,2023-08-06,2023,Q3,8,August,31,2023-W31,Sunday
20230807,2023-08-07,2023,Q3,8,August,32,2023-W32,Monday
20230808,2023-08-08,2023,Q3,8,August,32,2023-W32,Tuesday
20230809,2023-08-09,2023,Q3,8,August,32,2023-W32,Wednesday
20230810,2023-08-10,2023,Q3,8,August,32,2023-W32,Thursday
20230811,2023-08-11,2023,Q3,8,August,32,2023-W32,Friday
20230812,2023-08-12,2023,Q3,8,August,32,2023-W32,Saturday
20230813,2023-08-13,2023,Q3,8,August,32,2023-W32,Sunday
20230814,2023-08-14,2023,Q3,8,August,33,2023-W33,Monday
20230815,2023-08-15,2023,Q3,8,August,33,2023-W33,Tuesday
20230816,2023-08-16,2023,Q3,8,August,33,2023-W33,Wednesday
20230817,2023-08-17,2023,Q3,8,August,33,2023-W33,Thursday
20230818,2023-08-18,2023,Q3,8,August,33,2023-W33,Friday
20230819,2023-08-19,2023,Q3,8,August,33,2023-W33,Saturday
20230820,2023-08-20,2023,Q3,8,August,33,2023-W33,Sunday
20230821,2023-08-21,2023,Q3,8,August,34,2023-W34,Monday
20230822,2023-08-22,2023,Q3,8,August,34,2023-W34,Tuesday
20230823,2023-08-23,2023,Q3,8,August,34,2023-W34,Wednesday
20230824,2023-08-24,2023,Q3,8,August,34,2023-W34,Thursday
20230825,2023-08-25,2023,Q3,8,August,34,2023-W34,Friday
20230826,2023-08-26,2023,Q3,8,August,34,2023-W34,Saturday
20230827,2023-08-27,2023,Q3,8,August,34,2023-W34,Sunday
20230828,2023-08-28,2023,Q3,8,August,35,2023-W35,Monday
20230829,2023-08-29,2023,Q3,8,August,35,2023-W35,Tuesday
20230830,2023-08-30,2023,Q3,8,August,35,2023-W35,Wednesday
20230831,2023-08-31,2023,Q3,8,August,35,2023-W35,Thursday
20230901,2023-09-01,2023,Q3,9,September,35,2023-W35,Friday
20230902,2023-09-02,2023,Q3,9,September,35,2023-W35,Saturday
20230903,2023-09-03,2023,Q3,9,September,35,2023-W35,Sunday
20230904,2023-09-04,2023,Q3,9,September,36,2023-W36,Monday
20230905,2023-09-05,2023,Q3,9,September,36,2023-W36,Tuesday
20230906,2023-09-06,2023,Q3,9,September,36,2023-W36,Wednesday
20230907,2023-09-07,2023,Q3,9,September,36,2023-W36,Thursday
20230908,2023-09-08,2023,Q3,9,September,36,2023-W36,Friday
20230909,2023-09-09,2023,Q3,9,September,36,2023-W36,Saturday
20230910,2023-09-10,2023,Q3,9,September,36,2023-W36,Sunday
20230911,2023-09-11,2023,Q3,9,September,37,2023-W37,Monday
20230912,2023-09-12,2023,Q3,9,September,37,2023-W37,Tuesday
20230913,2023-09-13,2023,Q3,9,September,37,2023-W37,Wednesday
20230914,2023-09-14,2023,Q3,9,September,37,2023-W37,Thursday
20230915,2023-09-15,2023,Q3,9,September,37,2023-W37,Friday
20230916,2023-09-16,2023,Q3,9,September,37,2023-W37,Saturday
20230917,2023-09-17,2023,Q3,9,September,37,2023-W37,Sunday
20230918,2023-09-18,2023,Q3,9,September,38,2023-W38,Monday
20230919,2023-09-19,2023,Q3,9,September,38,2023-W38,Tuesday
20230920,2023-09-20,2023,Q3,9,September,38,2023-W38,Wednesday
20230921,2023-09-21,2023,Q3,9,September,38,2023-W38,Thursday
20230922,2023-09-22,2023,Q3,9,September,38,2023-W38,Friday
20230923,2023-09-23,2023,Q3,9,September,38,2023-W38,Saturday
20230924,2023-09-24,2023,Q3,9,September,38,2023-W38,Sunday
20230925,2023-09-25,2023,Q3,9,September,39,2023-W39,Monday
20230926,2023-09-26,2023,Q3,9,September,39,2023-W39,Tuesday
20230927,2023-09-27,2023,Q3,9,September,39,2023-W39,Wednesday
20230928,2023-09-28,2023,Q3,9,September,39,2023-W39,Thursday
20230929,2023-09-29,2023,Q3,9,September,39,2023-W39,Friday
20230930,2023-09-30,2023,Q3,9,September,39,2023-W39,Saturday
20231001,2023-10-01,2023,Q4,10,October,39,2023-W39,Sunday
20231002,2023-10-02,2023,Q4,10,October,40,2023-W40,Monday
20231003,2023-10-03,2023,Q4,10,October,40,2023-W40,Tuesday
20231004,2023-10-04,2023,Q4,10,October,40,2023-W40,Wednesday
20231005,2023-10-05,2023,Q4,10,October,40,2023-W40,Thursday
20231006,2023-10-06,2023,Q4,10,October,40,2023-W40,Friday
20231007,2023-10-07,2023,Q4,10,October,40,2023-W40,Saturday
20231008,2023-10-08,2023,Q4,10,October,40,2023-W40,Sunday
20231009,2023-10-09,2023,Q4,10,October,41,2023-W41,Monday
20231010,2023-10-10,2023,Q4,10,October,41,2023-W41,Tuesday
20231011,2023-10-11,2023,Q4,10,October,41,2023-W41,Wednesday
20231012,2023-10-12,2023,Q4,10,October,41,2023-W41,Thursday
20231013,2023-10-13,2023,Q4,10,October,41,2023-W41,Friday
20231014,2023-10-14,2023,Q4,10,October,41,2023-W41,Saturday
20231015,2023-10-15,2023,Q4,10,October,41,2023-W41,Sunday
20231016,2023-10-16,2023,Q4,10,October,42,2023-W42,Monday
20231017,2023-10-17,2023,Q4,10,October,42,2023-W42,Tuesday
20231018,2023-10-18,2023,Q4,10,October,42,2023-W42,Wednesday
20231019,2023-10-19,2023,Q4,10,October,42,2023-W42,Thursday
20231020,2023-10-20,2023,Q4,10,October,42,2023-W42,Friday
20231021,2023-10-21,2023,Q4,10,October,42,2023-W42,Saturday
20231022,2023-10-22,2023,Q4,10,October,42,2023-W42,Sunday
20231023,2023-10-23,2023,Q4,10,October,43,2023-W43,Monday
20231024,2023-10-24,2023,Q4,10,October,43,2023-W43,Tuesday
20231025,2023-10-25,2023,Q4,10,October,43,2023-W43,Wednesday
20231026,2023-10-26,2023,Q4,10,October,43,2023-W43,Thursday
20231027,2023-10-27,2023,Q4,10,October,43,2023-W43,Friday
20231028,2023-10-28,2023,Q4,10,October,43,2023-W43,Saturday
20231029,2023-10-29,2023,Q4,10,October,43,2023-W43,Sunday
20231030,2023-10-30,2023,Q4,10,October,44,2023-W44,Monday
20231031,2023-10-31,2023,Q4,10,October,44,2023-W44,Tuesday
20231101,2023-11-01,2023,Q4,11,November,44,2023-W44,Wednesday
20231102,2023-11-02,2023,Q4,11,November,44,2023-W44,Thursday
20231103,2023-11-03,2023,Q4,11,November,44,2023-W44,Friday
20231104,2023-11-04,2023,Q4,11,November,44,2023-W44,Saturday
20231105,2023-11-05,2023,Q4,11,November,44,2023-W44,Sunday
20231106,2023-11-06,2023,Q4,11,November,45,2023-W45,Monday
20231107,2023-11-07,2023,Q4,11,November,45,2023-W45,Tuesday
20231108,2023-11-08,2023,Q4,11,November,45,2023-W45,Wednesday
20231109,2023-11-09,2023,Q4,11,November,45,2023-W45,Thursday
20231110,2023-11-10,2023,Q4,11,November,45,2023-W45,Friday
20231111,2023-11-11,2023,Q4,11,November,45,2023-W45,Saturday
20231112,2023-11-12,2023,Q4,11,November,45,2023-W45,Sunday
20231113,2023-11-13,2023,Q4,11,November,46,2023-W46,Monday
20231114,2023-11-14,2023,Q4,11,November,46,2023-W46,Tuesday
20231115,2023-11-15,2023,Q4,11,November,46,2023-W46,Wednesday
20231116,2023-11-16,2023,Q4,11,November,46,2023-W46,Thursday
20231117,2023-11-17,2023,Q4,11,November,46,2023-W46,Friday
20231118,2023-11-18,2023,Q4,11,November,46,2023-W46,Saturday
20231119,2023-11-19,2023,Q4,11,November,46,2023-W46,Sunday
20231120,2023-11-20,2023,Q4,11,November,47,2023-W47,Monday
20231121,2023-11-21,2023,Q4,11,November,47,2023-W47,Tuesday
20231122,2023-11-22,2023,Q4,11,November,47,2023-W47,Wednesday
20231123,2023-11-23,2023,Q4,11,November,47,2023-W47,Thursday
20231124,2023-11-24,2023,Q4,11,November,47,2023-W47,Friday
20231125,2023-11-25,2023,Q4,11,November,47,2023-W47,Saturday
20231126,2023-11-26,2023,Q4,11,November,47,2023-W47,Sunday
20231127,2023-11-27,2023,Q4,11,November,48,2023-W48,Monday
20231128,2023-11-28,2023,Q4,11,November,48,2023-W48,Tuesday
20231129,2023-11-29,2023,Q4,11,November,48,2023-W48,Wednesday
20231130,2023-11-30,2023,Q4,11,November,48,2023-W48,Thursday
20231201,2023-12-01,2023,Q4,12,December,48,2023-W48,Friday
20231202,2023-12-02,2023,Q4,12,December,48,2023-W48,Saturday
20231203,2023-12-03,2023,Q4,12,December,48,2023-W48,Sunday
20231204,2023-12-04,2023,Q4,12,December,49,2023-W49,Monday
20231205,2023-12-05,2023,Q4,12,December,49,2023-W49,Tuesday
20231206,2023-12-06,2023,Q4,12,December,49,2023-W49,Wednesday
20231207,2023-12-07,2023,Q4,12,December,49,2023-W49,Thursday
20231208,2023-12-08,2023,Q4,12,December,49,2023-W49,Friday
20231209,2023-12-09,2023,Q4,12,December,49,2023-W49,Saturday
20231210,2023-12-10,2023,Q4,12,December,49,2023-W49,Sunday
20231211,2023-12-11,2023,Q4,12,December,50,2023-W50,Monday
20231212,2023-12-12,2023,Q4,12,December,50,2023-W50,Tuesday
20231213,2023-12-13,2023,Q4,12,December,50,2023-W50,Wednesday
20231214,2023-12-14,2023,Q4,12,December,50,2023-W50,Thursday
20231215,2023-12-15,2023,Q4,12,December,50,2023-W50,Friday
20231216,2023-12-16,2023,Q4,12,December,50,2023-W50,Saturday
20231217,2023-12-17,2023,Q4,12,December,50,2023-W50,Sunday
20231218,2023-12-18,2023,Q4,12,December,51,2023-W51,Monday
20231219,2023-12-19,2023,Q4,12,December,51,2023-W51,Tuesday
20231220,2023-12-20,2023,Q4,12,December,51,2023-W51,Wednesday
20231221,2023-12-21,2023,Q4,12,December,51,2023-W51,Thursday
20231222,2023-12-22,2023,Q4,12,December,51,2023-W51,Friday
20231223,2023-12-23,2023,Q4,12,December,51,2023-W51,Saturday
20231224,2023-12-24,2023,Q4,12,December,51,2023-W51,Sunday
20231225,2023-12-25,2023,Q4,12,December,52,2023-W52,Monday
20231226,2023-12-26,2023,Q4,12,December,52,2023-W52,Tuesday
20231227,2023-12-27,2023,Q4,12,December,52,2023-W52,Wednesday
20231228,2023-12-28,2023,Q4,12,December,52,2023-W52,Thursday
20231229,2023-12-29,2023,Q4,12,December,52,2023-W52,Friday
20231230,2023-12-30,2023,Q4,12,December,52,2023-W52,Saturday
20231231,2023-12-31,2023,Q4,12,December,52,2023-W52,Sunday
20240101,2024-01-01,2024,Q1,1,January,1,2024-W01,Monday
20240102,2024-01-02,2024,Q1,1,January,1,2024-W01,Tuesday
20240103,2024-01-03,2024,Q1,1,January,1,2024-W01,Wednesday
20240104,2024-01-04,2024,Q1,1,January,1,2024-W01,Thursday
20240105,2024-01-05,2024,Q1,1,January,1,2024-W01,Friday
20240106,2024-01-06,2024,Q1,1,January,1,2024-W01,Saturday
20240107,2024-01-07,2024,Q1,1,January,1,2024-W01,Sunday
20240108,2024-01-08,2024,Q1,1,January,2,2024-W02,Monday
20240109,2024-01-09,2024,Q1,1,January,2,2024-W02,Tuesday
20240110,2024-01-10,2024,Q1,1,January,2,2024-W02,Wednesday
20240111,2024-01-11,2024,Q1,1,January,2,2024-W02,Thursday
20240112,2024-01-12,2024,Q1,1,January,2,2024-W02,Friday
20240113,2024-01-13,2024,Q1,1,January,2,2024-W02,Saturday
20240114,2024-01-14,2024,Q1,1,January,2,2024-W02,Sunday
20240115,2024-01-15,2024,Q1,1,January,3,2024-W03,Monday
20240116,2024-01-16,2024,Q1,1,January,3,2024-W03,Tuesday
20240117,2024-01-17,2024,Q1,1,January,3,2024-W03,Wednesday
20240118,2024-01-18,2024,Q1,1,January,3,2024-W03,Thursday
20240119,2024-01-19,2024,Q1,1,January,3,2024-W03,Friday
20240120,2024-01-20,2024,Q1,1,January,3,2024-W03,Saturday
20240121,2024-01-21,2024,Q1,1,January,3,2024-W03,Sunday
20240122,2024-01-22,2024,Q1,1,January,4,2024-W04,Monday
20240123,2024-01-23,2024,Q1,1,January,4,2024-W04,Tuesday
20240124,2024-01-24,2024,Q1,1,January,4,2024-W04,Wednesday
20240125,2024-01-25,2024,Q1,1,January,4,2024-W04,Thursday
20240126,2024-01-26,2024,Q1,1,January,4,2024-W04,Friday
20240127,2024-01-27,2024,Q1,1,January,4,2024-W04,Saturday
20240128,2024-01-28,2024,Q1,1,January,4,2024-W04,Sunday
20240129,2024-01-29,2024,Q1,1,January,5,2024-W05,Monday
20240130,2024-01-30,2024,Q1,1,January,5,2024-W05,Tuesday
20240131,2024-01-31,2024,Q1,1,January,5,2024-W05,Wednesday
20240201,2024-02-01,2024,Q1,2,February,5,2024-W05,Thursday
20240202,2024-02-02,2024,Q1,2,February,5,2024-W05,Friday
20240203,2024-02-03,2024,Q1,2,February,5,2024-W05,Saturday
20240204,2024-02-04,2024,Q1,2,February,5,2024-W05,Sunday
20240205,2024-02-05,2024,Q1,2,February,6,2024-W06,Monday
20240206,2024-02-06,2024,Q1,2,February,6,2024-W06,Tuesday
20240207,2024-02-07,2024,Q1,2,February,6,2024-W06,Wednesday
20240208,2024-02-08,2024,Q1,2,February,6,2024-W06,Thursday
20240209,2024-02-09,2024,Q1,2,February,6,2024-W06,Friday
20240210,2024-02-10,2024,Q1,2,February,6,2024-W06,Saturday
20240211,2024-02-11,2024,Q1,2,February,6,2024-W06,Sunday
20240212,2024-02-12,2024,Q1,2,February,7,2024-W07,Monday
20240213,2024-02-13,2024,Q1,2,February,7,2024-W07,Tuesday
20240214,2024-02-14,2024,Q1,2,February,7,2024-W07,Wednesday
20240215,2024-02-15,2024,Q1,2,February,7,2024-W07,Thursday
20240216,2024-02-16,2024,Q1,2,February,7,2024-W07,Friday
20240217,2024-02-17,2024,Q1,2,February,7,2024-W07,Saturday
20240218,2024-02-18,2024,Q1,2,February,7,2024-W07,Sunday
20240219,2024-02-19,2024,Q1,2,February,8,2024-W08,Monday
20240220,2024-02-20,2024,Q1,2,February,8,2024-W08,Tuesday
20240221,2024-02-21,2024,Q1,2,February,8,2024-W08,Wednesday
20240222,2024-02-22,2024,Q1,2,February,8,2024-W08,Thursday
20240223,2024-02-23,2024,Q1,2,February,8,2024-W08,Friday
20240224,2024-02-24,2024,Q1,2,February,8,2024-W08,Saturday
20240225,2024-02-25,2024,Q1,2,February,8,2024-W08,Sunday
20240226,2024-02-26,2024,Q1,2,February,9,2024-W09,Monday
20240227,2024-02-27,2024,Q1,2,February,9,2024-W09,Tuesday
20240228,2024-02-28,2024,Q1,2,February,9,2024-W09,Wednesday
20240229,2024-02-29,2024,Q1,2,February,9,2024-W09,Thursday
20240301,2024-03-01,2024,Q1,3,March,9,2024-W09,Friday
20240302,2024-03-02,2024,Q1,3,March,9,2024-W09,Saturday
20240303,2024-03-03,2024,Q1,3,March,9,2024-W09,Sunday
20240304,2024-03-04,2024,Q1,3,March,10,2024-W10,Monday
20240305,2024-03-05,2024,Q1,3,March,10,2024-W10,Tuesday
20240306,2024-03-06,2024,Q1,3,March,10,2024-W10,Wednesday
20240307,2024-03-07,2024,Q1,3,March,10,2024-W10,Thursday
20240308,2024-03-08,2024,Q1,3,March,10,2024-W10,Friday
20240309,2024-03-09,2024,Q1,3,March,10,2024-W10,Saturday
20240310,2024-03-10,2024,Q1,3,March,10,2024-W10,Sunday
20240311,2024-03-11,2024,Q1,3,March,11,2024-W11,Monday
20240312,2024-03-12,2024,Q1,3,March,11,2024-W11,Tuesday
20240313,2024-03-13,2024,Q1,3,March,11,2024-W11,Wednesday
20240314,2024-03-14,2024,Q1,3,March,11,2024-W11,Thursday
20240315,2024-03-15,2024,Q1,3,March,11,2024-W11,Friday
20240316,2024-03-16,2024,Q1,3,March,11,2024-W11,Saturday
20240317,2024-03-17,2024,Q1,3,March,11,2024-W11,Sunday
20240318,2024-03-18,2024,Q1,3,March,12,2024-W12,Monday
20240319,2024-03-19,2024,Q1,3,March,12,2024-W12,Tuesday
20240320,2024-03-20,2024,Q1,3,March,12,2024-W12,Wednesday
20240321,2024-03-21,2024,Q1,3,March,12,2024-W12,Thursday
20240322,2024-03-22,2024,Q1,3,March,12,2024-W12,Friday
20240323,2024-03-23,2024,Q1,3,March,12,2024-W12,Saturday
20240324,2024-03-24,2024,Q1,3,March,12,2024-W12,Sunday
20240325,2024-03-25,2024,Q1,3,March,13,2024-W13,Monday
20240326,2024-03-26,2024,Q1,3,March,13,2024-W13,Tuesday
20240327,2024-03-27,2024,Q1,3,March,13,2024-W13,Wednesday
20240328,2024-03-28,2024,Q1,3,March,13,2024-W13,Thursday
20240329,2024-03-29,2024,Q1,3,March,13,2024-W13,Friday
20240330,2024-03-30,2024,Q1,3,March,13,2024-W13,Saturday
20240331,2024-03-31,2024,Q1,3,March,13,2024-W13,Sunday
20240401,2024-04-01,2024,Q2,4,April,14,2024-W14,Monday
20240402,2024-04-02,2024,Q2,4,April,14,2024-W14,Tuesday
20240403,2024-04-03,2024,Q2,4,April,14,2024-W14,Wednesday
20240404,2024-04-04,2024,Q2,4,April,14,2024-W14,Thursday
20240405,2024-04-05,2024,Q2,4,April,14,2024-W14,Friday
20240406,2024-04-06,2024,Q2,4,April,14,2024-W14,Saturday
20240407,2024-04-07,2024,Q2,4,April,14,2024-W14,Sunday
20240408,2024-04-08,2024,Q2,4,April,15,2024-W15,Monday
20240409,2024-04-09,2024,Q2,4,April,15,2024-W15,Tuesday
20240410,2024-04-10,2024,Q2,4,April,15,2024-W15,Wednesday
20240411,2024-04-11,2024,Q2,4,April,15,2024-W15,Thursday
20240412,2024-04-12,2024,Q2,4,April,15,2024-W15,Friday
20240413,2024-04-13,2024,Q2,4,April,15,2024-W15,Saturday
20240414,2024-04-14,2024,Q2,4,April,15,2024-W15,Sunday
20240415,2024-04-15,2024,Q2,4,April,16,2024-W16,Monday
20240416,2024-04-16,2024,Q2,4,April,16,2024-W16,Tuesday
20240417,2024-04-17,2024,Q2,4,April,16,2024-W16,Wednesday
20240418,2024-04-18,2024,Q2,4,April,16,2024-W16,Thursday
20240419,2024-04-19,2024,Q2,4,April,16,2024-W16,Friday
20240420,2024-04-20,2024,Q2,4,April,16,2024-W16,Saturday
20240421,2024-04-21,2024,Q2,4,April,16,2024-W16,Sunday
20240422,2024-04-22,2024,Q2,4,April,17,2024-W17,Monday
20240423,2024-04-23,2024,Q2,4,April,17,2024-W17,Tuesday
20240424,2024-04-24,2024,Q2,4,April,17,2024-W17,Wednesday
20240425,2024-04-25,2024,Q2,4,April,17,2024-W17,Thursday
20240426,2024-04-26,2024,Q2,4,April,17,2024-W17,Friday
20240427,2024-04-27,2024,Q2,4,April,17,2024-W17,Saturday
20240428,2024-04-28,2024,Q2,4,April,17,2024-W17,Sunday
20240429,2024-04-29,2024,Q2,4,April,18,2024-W18,Monday
20240430,2024-04-30,2024,Q2,4,April,18,2024-W18,Tuesday
20240501,2024-05-01,2024,Q2,5,May,18,2024-W18,Wednesday
20240502,2024-05-02,2024,Q2,5,May,18,2024-W18,Thursday
20240503,2024-05-03,2024,Q2,5,May,18,2024-W18,Friday
20240504,2024-05-04,2024,Q2,5,May,18,2024-W18,Saturday
20240505,2024-05-05,2024,Q2,5,May,18,2024-W18,Sunday
20240506,2024-05-06,2024,Q2,5,May,19,2024-W19,Monday
20240507,2024-05-07,2024,Q2,5,May,19,2024-W19,Tuesday
20240508,2024-05-08,2024,Q2,5,May,19,2024-W19,Wednesday
20240509,2024-05-09,2024,Q2,5,May,19,2024-W19,Thursday
20240510,2024-05-10,2024,Q2,5,May,19,2024-W19,Friday
20240511,2024-05-11,2024,Q2,5,May,19,2024-W19,Saturday
20240512,2024-05-12,2024,Q2,5,May,19,2024-W19,Sunday
20240513,2024-05-13,2024,Q2,5,May,20,2024-W20,Monday
20240514,2024-05-14,2024,Q2,5,May,20,2024-W20,Tuesday
20240515,2024-05-15,2024,Q2,5,May,20,2024-W20,Wednesday
20240516,2024-05-16,2024,Q2,5,May,20,2024-W20,Thursday
20240517,2024-05-17,2024,Q2,5,May,20,2024-W20,Friday
20240518,2024-05-18,2024,Q2,5,May,20,2024-W20,Saturday
20240519,2024-05-19,2024,Q2,5,May,20,2024-W20,Sunday
20240520,2024-05-20,2024,Q2,5,May,21,2024-W21,Monday
20240521,2024-05-21,2024,Q2,5,May,21,2024-W21,Tuesday
20240522,2024-05-22,2024,Q2,5,May,21,2024-W21,Wednesday
20240523,2024-05-23,2024,Q2,5,May,21,2024-W21,Thursday
20240524,2024-05-24,2024,Q2,5,May,21,2024-W21,Friday
20240525,2024-05-25,2024,Q2,5,May,21,2024-W21,Saturday
20240526,2024-05-26,2024,Q2,5,May,21,2024-W21,Sunday
20240527,2024-05-27,2024,Q2,5,May,22,2024-W22,Monday
20240528,2024-05-28,2024,Q2,5,May,22,2024-W22,Tuesday
20240529,2024-05-29,2024,Q2,5,May,22,2024-W22,Wednesday
20240530,2024-05-30,2024,Q2,5,May,22,2024-W22,Thursday
20240531,2024-05-31,2024,Q2,5,May,22,2024-W22,Friday
20240601,2024-06-01,2024,Q2,6,June,22,2024-W22,Saturday
20240602,2024-06-02,2024,Q2,6,June,22,2024-W22,Sunday
20240603,2024-06-03,2024,Q2,6,June,23,2024-W23,Monday
20240604,2024-06-04,2024,Q2,6,June,23,2024-W23,Tuesday
20240605,2024-06-05,2024,Q2,6,June,23,2024-W23,Wednesday
20240606,2024-06-06,2024,Q2,6,June,23,2024-W23,Thursday
20240607,2024-06-07,2024,Q2,6,June,23,2024-W23,Friday
20240608,2024-06-08,2024,Q2,6,June,23,2024-W23,Saturday
20240609,2024-06-09,2024,Q2,6,June,23,2024-W23,Sunday
20240610,2024-06-10,2024,Q2,6,June,24,2024-W24,Monday
20240611,2024-06-11,2024,Q2,6,June,24,2024-W24,Tuesday
20240612,2024-06-12,2024,Q2,6,June,24,2024-W24,Wednesday
20240613,2024-06-13,2024,Q2,6,June,24,2024-W24,Thursday
20240614,2024-06-14,2024,Q2,6,June,24,2024-W24,Friday
20240615,2024-06-15,2024,Q2,6,June,24,2024-W24,Saturday
20240616,2024-06-16,2024,Q2,6,June,24,2024-W24,Sunday
20240617,2024-06-17,2024,Q2,6,June,25,2024-W25,Monday
20240618,2024-06-18,2024,Q2,6,June,25,2024-W25,Tuesday
20240619,2024-06-19,2024,Q2,6,June,25,2024-W25,Wednesday
20240620,2024-06-20,2024,Q2,6,June,25,2024-W25,Thursday
20240621,2024-06-21,2024,Q2,6,June,25,2024-W25,Friday
20240622,2024-06-22,2024,Q2,6,June,25,2024-W25,Saturday
20240623,2024-06-23,2024,Q2,6,June,25,2024-W25,Sunday
20240624,2024-06-24,2024,Q2,6,June,26,2024-W26,Monday
20240625,2024-06-25,2024,Q2,6,June,26,2024-W26,Tuesday
20240626,2024-06-26,2024,Q2,6,June,26,2024-W26,Wednesday
20240627,2024-06-27,2024,Q2,6,June,26,2024-W26,Thursday
20240628,2024-06-28,2024,Q2,6,June,26,2024-W26,Friday
20240629,2024-06-29,2024,Q2,6,June,26,2024-W26,Saturday
20240630,2024-06-30,2024,Q2,6,June,26,2024-W26,Sunday
20240701,2024-07-01,2024,Q3,7,July,27,2024-W27,Monday
20240702,2024-07-02,2024,Q3,7,July,27,2024-W27,Tuesday
20240703,2024-07-03,2024,Q3,7,July,27,2024-W27,Wednesday
20240704,2024-07-04,2024,Q3,7,July,27,2024-W27,Thursday
20240705,2024-07-05,2024,Q3,7,July,27,2024-W27,Friday
20240706,2024-07-06,2024,Q3,7,July,27,2024-W27,Saturday
20240707,2024-07-07,2024,Q3,7,July,27,2024-W27,Sunday
20240708,2024-07-08,2024,Q3,7,July,28,2024-W28,Monday
20240709,2024-07-09,2024,Q3,7,July,28,2024-W28,Tuesday
20240710,2024-07-10,2024,Q3,7,July,28,2024-W28,Wednesday
20240711,2024-07-11,2024,Q3,7,July,28,2024-W28,Thursday
20240712,2024-07-12,2024,Q3,7,July,28,2024-W28,Friday
20240713,2024-07-13,2024,Q3,7,July,28,2024-W28,Saturday
20240714,2024-07-14,2024,Q3,7,July,28,2024-W28,Sunday
20240715,2024-07-15,2024,Q3,7,July,29,2024-W29,Monday
20240716,2024-07-16,2024,Q3,7,July,29,2024-W29,Tuesday
20240717,2024-07-17,2024,Q3,7,July,29,2024-W29,Wednesday
20240718,2024-07-18,2024,Q3,7,July,29,2024-W29,Thursday
20240719,2024-07-19,2024,Q3,7,July,29,2024-W29,Friday
20240720,2024-07-20,2024,Q3,7,July,29,2024-W29,Saturday
20240721,2024-07-21,2024,Q3,7,July,29,2024-W29,Sunday
20240722,2024-07-22,2024,Q3,7,July,30,2024-W30,Monday
20240723,2024-07-23,2024,Q3,7,July,30,2024-W30,Tuesday
20240724,2024-07-24,2024,Q3,7,July,30,2024-W30,Wednesday
20240725,2024-07-25,2024,Q3,7,July,30,2024-W30,Thursday
20240726,2024-07-26,2024,Q3,7,July,30,2024-W30,Friday
20240727,2024-07-27,2024,Q3,7,July,30,2024-W30,Saturday
20240728,2024-07-28,2024,Q3,7,July,30,2024-W30,Sunday
20240729,2024-07-29,2024,Q3,7,July,31,2024-W31,Monday
20240730,2024-07-30,2024,Q3,7,July,31,2024-W31,Tuesday
20240731,2024-07-31,2024,Q3,7,July,31,2024-W31,Wednesday
20240801,2024-08-01,2024,Q3,8,August,31,2024-W31,Thursday
20240802,2024-08-02,2024,Q3,8,August,31,2024-W31,Friday
20240803,2024-08-03,2024,Q3,8,August,31,2024-W31,Saturday
20240804,2024-08-04,2024,Q3,8,August,31,2024-W31,Sunday
20240805,2024-08-05,2024,Q3,8,August,32,2024-W32,Monday
20240806,2024-08-06,2024,Q3,8,August,32,2024-W32,Tuesday
20240807,2024-08-07,2024,Q3,8,August,32,2024-W32,Wednesday
20240808,2024-08-08,2024,Q3,8,August,32,2024-W32,Thursday
20240809,2024-08-09,2024,Q3,8,August,32,2024-W32,Friday
20240810,2024-08-10,2024,Q3,8,August,32,2024-W32,Saturday
20240811,2024-08-11,2024,Q3,8,August,32,2024-W32,Sunday
20240812,2024-08-12,2024,Q3,8,August,33,2024-W33,Monday
20240813,2024-08-13,2024,Q3,8,August,33,2024-W33,Tuesday
20240814,2024-08-14,2024,Q3,8,August,33,2024-W33,Wednesday
20240815,2024-08-15,2024,Q3,8,August,33,2024-W33,Thursday
20240816,2024-08-16,2024,Q3,8,August,33,2024-W33,Friday
20240817,2024-08-17,2024,Q3,8,August,33,2024-W33,Saturday
20240818,2024-08-18,2024,Q3,8,August,33,2024-W33,Sunday
20240819,2024-08-19,2024,Q3,8,August,34,2024-W34,Monday
20240820,2024-08-20,2024,Q3,8,August,34,2024-W34,Tuesday
20240821,2024-08-21,2024,Q3,8,August,34,2024-W34,Wednesday
20240822,2024-08-22,2024,Q3,8,August,34,2024-W34,Thursday
20240823,2024-08-23,2024,Q3,8,August,34,2024-W34,Friday
20240824,2024-08-24,2024,Q3,8,August,34,2024-W34,Saturday
20240825,2024-08-25,2024,Q3,8,August,34,2024-W34,Sunday
20240826,2024-08-26,2024,Q3,8,August,35,2024-W35,Monday
20240827,2024-08-27,2024,Q3,8,August,35,2024-W35,Tuesday
20240828,2024-08-28,2024,Q3,8,August,35,2024-W35,Wednesday
20240829,2024-08-29,2024,Q3,8,August,35,2024-W35,Thursday
20240830,2024-08-30,2024,Q3,8,August,35,2024-W35,Friday
20240831,2024-08-31,2024,Q3,8,August,35,2024-W35,Saturday
20240901,2024-09-01,2024,Q3,9,September,35,2024-W35,Sunday
20240902,2024-09-02,2024,Q3,9,September,36,2024-W36,Monday
20240903,2024-09-03,2024,Q3,9,September,36,2024-W36,Tuesday
20240904,2024-09-04,2024,Q3,9,September,36,2024-W36,Wednesday
20240905,2024-09-05,2024,Q3,9,September,36,2024-W36,Thursday
20240906,2024-09-06,2024,Q3,9,September,36,2024-W36,Friday
20240907,2024-09-07,2024,Q3,9,September,36,2024-W36,Saturday
20240908,2024-09-08,2024,Q3,9,September,36,2024-W36,Sunday
20240909,2024-09-09,2024,Q3,9,September,37,2024-W37,Monday
20240910,2024-09-10,2024,Q3,9,September,37,2024-W37,Tuesday
20240911,2024-09-11,2024,Q3,9,September,37,2024-W37,Wednesday
20240912,2024-09-12,2024,Q3,9,September,37,2024-W37,Thursday
20240913,2024-09-13,2024,Q3,9,September,37,2024-W37,Friday
20240914,2024-09-14,2024,Q3,9,September,37,2024-W37,Saturday
20240915,2024-09-15,2024,Q3,9,September,37,2024-W37,Sunday
20240916,2024-09-16,2024,Q3,9,September,38,2024-W38,Monday
20240917,2024-09-17,2024,Q3,9,September,38,2024-W38,Tuesday
20240918,2024-09-18,2024,Q3,9,September,38,2024-W38,Wednesday
20240919,2024-09-19,2024,Q3,9,September,38,2024-W38,Thursday
20240920,2024-09-20,2024,Q3,9,September,38,2024-W38,Friday
20240921,2024-09-21,2024,Q3,9,September,38,2024-W38,Saturday
20240922,2024-09-22,2024,Q3,9,September,38,2024-W38,Sunday
20240923,2024-09-23,2024,Q3,9,September,39,2024-W39,Monday
20240924,2024-09-24,2024,Q3,9,September,39,2024-W39,Tuesday
20240925,2024-09-25,2024,Q3,9,September,39,2024-W39,Wednesday
20240926,2024-09-26,2024,Q3,9,September,39,2024-W39,Thursday
20240927,2024-09-27,2024,Q3,9,September,39,2024-W39,Friday
20240928,2024-09-28,2024,Q3,9,September,39,2024-W39,Saturday
20240929,2024-09-29,2024,Q3,9,September,39,2024-W39,Sunday
20240930,2024-09-30,2024,Q3,9,September,40,2024-W40,Monday
20241001,2024-10-01,2024,Q4,10,October,40,2024-W40,Tuesday
20241002,2024-10-02,2024,Q4,10,October,40,2024-W40,Wednesday
20241003,2024-10-03,2024,Q4,10,October,40,2024-W40,Thursday
20241004,2024-10-04,2024,Q4,10,October,40,2024-W40,Friday
20241005,2024-10-05,2024,Q4,10,October,40,2024-W40,Saturday
20241006,2024-10-06,2024,Q4,10,October,40,2024-W40,Sunday
20241007,2024-10-07,2024,Q4,10,October,41,2024-W41,Monday
20241008,2024-10-08,2024,Q4,10,October,41,2024-W41,Tuesday
20241009,2024-10-09,2024,Q4,10,October,41,2024-W41,Wednesday
20241010,2024-10-10,2024,Q4,10,October,41,2024-W41,Thursday
20241011,2024-10-11,2024,Q4,10,October,41,2024-W41,Friday
20241012,2024-10-12,2024,Q4,10,October,41,2024-W41,Saturday
20241013,2024-10-13,2024,Q4,10,October,41,2024-W41,Sunday
20241014,2024-10-14,2024,Q4,10,October,42,2024-W42,Monday
20241015,2024-10-15,2024,Q4,10,October,42,2024-W42,Tuesday
20241016,2024-10-16,2024,Q4,10,October,42,2024-W42,Wednesday
20241017,2024-10-17,2024,Q4,10,October,42,2024-W42,Thursday
20241018,2024-10-18,2024,Q4,10,October,42,2024-W42,Friday
20241019,2024-10-19,2024,Q4,10,October,42,2024-W42,Saturday
20241020,2024-10-20,2024,Q4,10,October,42,2024-W42,Sunday
20241021,2024-10-21,2024,Q4,10,October,43,2024-W43,Monday
20241022,2024-10-22,2024,Q4,10,October,43,2024-W43,Tuesday
20241023,2024-10-23,2024,Q4,10,October,43,2024-W43,Wednesday
20241024,2024-10-24,2024,Q4,10,October,43,2024-W43,Thursday
20241025,2024-10-25,2024,Q4,10,October,43,2024-W43,Friday
20241026,2024-10-26,2024,Q4,10,October,43,2024-W43,Saturday
20241027,2024-10-27,2024,Q4,10,October,43,2024-W43,Sunday
20241028,2024-10-28,2024,Q4,10,October,44,2024-W44,Monday
20241029,2024-10-29,2024,Q4,10,October,44,2024-W44,Tuesday
20241030,2024-10-30,2024,Q4,10,October,44,2024-W44,Wednesday
20241031,2024-10-31,2024,Q4,10,October,44,2024-W44,Thursday
20241101,2024-11-01,2024,Q4,11,November,44,2024-W44,Friday
20241102,2024-11-02,2024,Q4,11,November,44,2024-W44,Saturday
20241103,2024-11-03,2024,Q4,11,November,44,2024-W44,Sunday
20241104,2024-11-04,2024,Q4,11,November,45,2024-W45,Monday
20241105,2024-11-05,2024,Q4,11,November,45,2024-W45,Tuesday
20241106,2024-11-06,2024,Q4,11,November,45,2024-W45,Wednesday
20241107,2024-11-07,2024,Q4,11,November,45,2024-W45,Thursday
20241108,2024-11-08,2024,Q4,11,November,45,2024-W45,Friday
20241109,2024-11-09,2024,Q4,11,November,45,2024-W45,Saturday
20241110,2024-11-10,2024,Q4,11,November,45,2024-W45,Sunday
20241111,2024-11-11,2024,Q4,11,November,46,2024-W46,Monday
20241112,2024-11-12,2024,Q4,11,November,46,2024-W46,Tuesday
20241113,2024-11-13,2024,Q4,11,November,46,2024-W46,Wednesday
20241114,2024-11-14,2024,Q4,11,November,46,2024-W46,Thursday
20241115,2024-11-15,2024,Q4,11,November,46,2024-W46,Friday
20241116,2024-11-16,2024,Q4,11,November,46,2024-W46,Saturday
20241117,2024-11-17,2024,Q4,11,November,46,2024-W46,Sunday
20241118,2024-11-18,2024,Q4,11,November,47,2024-W47,Monday
20241119,2024-11-19,2024,Q4,11,November,47,2024-W47,Tuesday
20241120,2024-11-20,2024,Q4,11,November,47,2024-W47,Wednesday
20241121,2024-11-21,2024,Q4,11,November,47,2024-W47,Thursday
20241122,2024-11-22,2024,Q4,11,November,47,2024-W47,Friday
20241123,2024-11-23,2024,Q4,11,November,47,2024-W47,Saturday
20241124,2024-11-24,2024,Q4,11,November,47,2024-W47,Sunday
20241125,2024-11-25,2024,Q4,11,November,48,2024-W48,Monday
20241126,2024-11-26,2024,Q4,11,November,48,2024-W48,Tuesday
20241127,2024-11-27,2024,Q4,11,November,48,2024-W48,Wednesday
20241128,2024-11-28,2024,Q4,11,November,48,2024-W48,Thursday
20241129,2024-11-29,2024,Q4,11,November,48,2024-W48,Friday
20241130,2024-11-30,2024,Q4,11,November,48,2024-W48,Saturday
20241201,2024-12-01,2024,Q4,12,December,48,2024-W48,Sunday
20241202,2024-12-02,2024,Q4,12,December,49,2024-W49,Monday
20241203,2024-12-03,2024,Q4,12,December,49,2024-W49,Tuesday
20241204,2024-12-04,2024,Q4,12,December,49,2024-W49,Wednesday
20241205,2024-12-05,2024,Q4,12,December,49,2024-W49,Thursday
20241206,2024-12-06,2024,Q4,12,December,49,2024-W49,Friday
20241207,2024-12-07,2024,Q4,12,December,49,2024-W49,Saturday
20241208,2024-12-08,2024,Q4,12,December,49,2024-W49,Sunday
20241209,2024-12-09,2024,Q4,12,December,50,2024-W50,Monday
20241210,2024-12-10,2024,Q4,12,December,50,2024-W50,Tuesday
20241211,2024-12-11,2024,Q4,12,December,50,2024-W50,Wednesday
20241212,2024-12-12,2024,Q4,12,December,50,2024-W50,Thursday
20241213,2024-12-13,2024,Q4,12,December,50,2024-W50,Friday
20241214,2024-12-14,2024,Q4,12,December,50,2024-W50,Saturday
20241215,2024-12-15,2024,Q4,12,December,50,2024-W50,Sunday
20241216,2024-12-16,2024,Q4,12,December,51,2024-W51,Monday
20241217,2024-12-17,2024,Q4,12,December,51,2024-W51,Tuesday
20241218,2024-12-18,2024,Q4,12,December,51,2024-W51,Wednesday
20241219,2024-12-19,2024,Q4,12,December,51,2024-W51,Thursday
20241220,2024-12-20,2024,Q4,12,December,51,2024-W51,Friday
20241221,2024-12-21,2024,Q4,12,December,51,2024-W51,Saturday
20241222,2024-12-22,2024,Q4,12,December,51,2024-W51,Sunday
20241223,2024-12-23,2024,Q4,12,December,52,2024-W52,Monday
20241224,2024-12-24,2024,Q4,12,December,52,2024-W52,Tuesday
20241225,2024-12-25,2024,Q4,12,December,52,2024-W52,Wednesday
20241226,2024-12-26,2024,Q4,12,December,52,2024-W52,Thursday
20241227,2024-12-27,2024,Q4,12,December,52,2024-W52,Friday
20241228,2024-12-28,2024,Q4,12,December,52,2024-W52,Saturday
20241229,2024-12-29,2024,Q4,12,December,52,2024-W52,Sunday
20241230,2024-12-30,2024,Q4,12,December,1,2024-W01,Monday
20241231,2024-12-31,2024,Q4,12,December,1,2024-W01,Tuesday
20250101,2025-01-01,2025,Q1,1,January,1,2025-W01,Wednesday
20250102,2025-01-02,2025,Q1,1,January,1,2025-W01,Thursday
20250103,2025-01-03,2025,Q1,1,January,1,2025-W01,Friday
20250104,2025-01-04,2025,Q1,1,January,1,2025-W01,Saturday
20250105,2025-01-05,2025,Q1,1,January,1,2025-W01,Sunday
20250106,2025-01-06,2025,Q1,1,January,2,2025-W02,Monday
20250107,2025-01-07,2025,Q1,1,January,2,2025-W02,Tuesday
20250108,2025-01-08,2025,Q1,1,January,2,2025-W02,Wednesday
20250109,2025-01-09,2025,Q1,1,January,2,2025-W02,Thursday
20250110,2025-01-10,2025,Q1,1,January,2,2025-W02,Friday
20250111,2025-01-11,2025,Q1,1,January,2,2025-W02,Saturday
20250112,2025-01-12,2025,Q1,1,January,2,2025-W02,Sunday
20250113,2025-01-13,2025,Q1,1,January,3,2025-W03,Monday
20250114,2025-01-14,2025,Q1,1,January,3,2025-W03,Tuesday
20250115,2025-01-15,2025,Q1,1,January,3,2025-W03,Wednesday
20250116,2025-01-16,2025,Q1,1,January,3,2025-W03,Thursday
20250117,2025-01-17,2025,Q1,1,January,3,2025-W03,Friday
20250118,2025-01-18,2025,Q1,1,January,3,2025-W03,Saturday
20250119,2025-01-19,2025,Q1,1,January,3,2025-W03,Sunday
20250120,2025-01-20,2025,Q1,1,January,4,2025-W04,Monday
20250121,2025-01-21,2025,Q1,1,January,4,2025-W04,Tuesday
20250122,2025-01-22,2025,Q1,1,January,4,2025-W04,Wednesday
20250123,2025-01-23,2025,Q1,1,January,4,2025-W04,Thursday
20250124,2025-01-24,2025,Q1,1,January,4,2025-W04,Friday
20250125,2025-01-25,2025,Q1,1,January,4,2025-W04,Saturday
20250126,2025-01-26,2025,Q1,1,January,4,2025-W04,Sunday
20250127,2025-01-27,2025,Q1,1,January,5,2025-W05,Monday
20250128,2025-01-28,2025,Q1,1,January,5,2025-W05,Tuesday
20250129,2025-01-29,2025,Q1,1,January,5,2025-W05,Wednesday
20250130,2025-01-30,2025,Q1,1,January,5,2025-W05,Thursday
20250131,2025-01-31,2025,Q1,1,January,5,2025-W05,Friday
20250201,2025-02-01,2025,Q1,2,February,5,2025-W05,Saturday
20250202,2025-02-02,2025,Q1,2,February,5,2025-W05,Sunday
20250203,2025-02-03,2025,Q1,2,February,6,2025-W06,Monday
20250204,2025-02-04,2025,Q1,2,February,6,2025-W06,Tuesday
20250205,2025-02-05,2025,Q1,2,February,6,2025-W06,Wednesday
20250206,2025-02-06,2025,Q1,2,February,6,2025-W06,Thursday
20250207,2025-02-07,2025,Q1,2,February,6,2025-W06,Friday
20250208,2025-02-08,2025,Q1,2,February,6,2025-W06,Saturday
20250209,2025-02-09,2025,Q1,2,February,6,2025-W06,Sunday
20250210,2025-02-10,2025,Q1,2,February,7,2025-W07,Monday
20250211,2025-02-11,2025,Q1,2,February,7,2025-W07,Tuesday
20250212,2025-02-12,2025,Q1,2,February,7,2025-W07,Wednesday
20250213,2025-02-13,2025,Q1,2,February,7,2025-W07,Thursday
20250214,2025-02-14,2025,Q1,2,February,7,2025-W07,Friday
20250215,2025-02-15,2025,Q1,2,February,7,2025-W07,Saturday
20250216,2025-02-16,2025,Q1,2,February,7,2025-W07,Sunday
20250217,2025-02-17,2025,Q1,2,February,8,2025-W08,Monday
20250218,2025-02-18,2025,Q1,2,February,8,2025-W08,Tuesday
20250219,2025-02-19,2025,Q1,2,February,8,2025-W08,Wednesday
20250220,2025-02-20,2025,Q1,2,February,8,2025-W08,Thursday
20250221,2025-02-21,2025,Q1,2,February,8,2025-W08,Friday
20250222,2025-02-22,2025,Q1,2,February,8,2025-W08,Saturday
20250223,2025-02-23,2025,Q1,2,February,8,2025-W08,Sunday
20250224,2025-02-24,2025,Q1,2,February,9,2025-W09,Monday
20250225,2025-02-25,2025,Q1,2,February,9,2025-W09,Tuesday
20250226,2025-02-26,2025,Q1,2,February,9,2025-W09,Wednesday
20250227,2025-02-27,2025,Q1,2,February,9,2025-W09,Thursday
20250228,2025-02-28,2025,Q1,2,February,9,2025-W09,Friday
20250301,2025-03-01,2025,Q1,3,March,9,2025-W09,Saturday
20250302,2025-03-02,2025,Q1,3,March,9,2025-W09,Sunday
20250303,2025-03-03,2025,Q1,3,March,10,2025-W10,Monday
20250304,2025-03-04,2025,Q1,3,March,10,2025-W10,Tuesday
20250305,2025-03-05,2025,Q1,3,March,10,2025-W10,Wednesday
20250306,2025-03-06,2025,Q1,3,March,10,2025-W10,Thursday
20250307,2025-03-07,2025,Q1,3,March,10,2025-W10,Friday
20250308,2025-03-08,2025,Q1,3,March,10,2025-W10,Saturday
20250309,2025-03-09,2025,Q1,3,March,10,2025-W10,Sunday
20250310,2025-03-10,2025,Q1,3,March,11,2025-W11,Monday
20250311,2025-03-11,2025,Q1,3,March,11,2025-W11,Tuesday
20250312,2025-03-12,2025,Q1,3,March,11,2025-W11,Wednesday
20250313,2025-03-13,2025,Q1,3,March,11,2025-W11,Thursday
20250314,2025-03-14,2025,Q1,3,March,11,2025-W11,Friday
20250315,2025-03-15,2025,Q1,3,March,11,2025-W11,Saturday
20250316,2025-03-16,2025,Q1,3,March,11,2025-W11,Sunday
20250317,2025-03-17,2025,Q1,3,March,12,2025-W12,Monday
20250318,2025-03-18,2025,Q1,3,March,12,2025-W12,Tuesday
20250319,2025-03-19,2025,Q1,3,March,12,2025-W12,Wednesday
20250320,2025-03-20,2025,Q1,3,March,12,2025-W12,Thursday
20250321,2025-03-21,2025,Q1,3,March,12,2025-W12,Friday
20250322,2025-03-22,2025,Q1,3,March,12,2025-W12,Saturday
20250323,2025-03-23,2025,Q1,3,March,12,2025-W12,Sunday
20250324,2025-03-24,2025,Q1,3,March,13,2025-W13,Monday
20250325,2025-03-25,2025,Q1,3,March,13,2025-W13,Tuesday
20250326,2025-03-26,2025,Q1,3,March,13,2025-W13,Wednesday
20250327,2025-03-27,2025,Q1,3,March,13,2025-W13,Thursday
20250328,2025-03-28,2025,Q1,3,March,13,2025-W13,Friday
20250329,2025-03-29,2025,Q1,3,March,13,2025-W13,Saturday
20250330,2025-03-30,2025,Q1,3,March,13,2025-W13,Sunday
20250331,2025-03-31,2025,Q1,3,March,14,2025-W14,Monday
20250401,2025-04-01,2025,Q2,4,April,14,2025-W14,Tuesday
20250402,2025-04-02,2025,Q2,4,April,14,2025-W14,Wednesday
20250403,2025-04-03,2025,Q2,4,April,14,2025-W14,Thursday
20250404,2025-04-04,2025,Q2,4,April,14,2025-W14,Friday
20250405,2025-04-05,2025,Q2,4,April,14,2025-W14,Saturday
20250406,2025-04-06,2025,Q2,4,April,14,2025-W14,Sunday
20250407,2025-04-07,2025,Q2,4,April,15,2025-W15,Monday
20250408,2025-04-08,2025,Q2,4,April,15,2025-W15,Tuesday
20250409,2025-04-09,2025,Q2,4,April,15,2025-W15,Wednesday
20250410,2025-04-10,2025,Q2,4,April,15,2025-W15,Thursday
20250411,2025-04-11,2025,Q2,4,April,15,2025-W15,Friday
20250412,2025-04-12,2025,Q2,4,April,15,2025-W15,Saturday
20250413,2025-04-13,2025,Q2,4,April,15,2025-W15,Sunday
20250414,2025-04-14,2025,Q2,4,April,16,2025-W16,Monday
20250415,2025-04-15,2025,Q2,4,April,16,2025-W16,Tuesday
20250416,2025-04-16,2025,Q2,4,April,16,2025-W16,Wednesday
20250417,2025-04-17,2025,Q2,4,April,16,2025-W16,Thursday
20250418,2025-04-18,2025,Q2,4,April,16,2025-W16,Friday
20250419,2025-04-19,2025,Q2,4,April,16,2025-W16,Saturday
20250420,2025-04-20,2025,Q2,4,April,16,2025-W16,Sunday
20250421,2025-04-21,2025,Q2,4,April,17,2025-W17,Monday
20250422,2025-04-22,2025,Q2,4,April,17,2025-W17,Tuesday
20250423,2025-04-23,2025,Q2,4,April,17,2025-W17,Wednesday
20250424,2025-04-24,2025,Q2,4,April,17,2025-W17,Thursday
20250425,2025-04-25,2025,Q2,4,April,17,2025-W17,Friday
20250426,2025-04-26,2025,Q2,4,April,17,2025-W17,Saturday
20250427,2025-04-27,2025,Q2,4,April,17,2025-W17,Sunday
20250428,2025-04-28,2025,Q2,4,April,18,2025-W18,Monday
20250429,2025-04-29,2025,Q2,4,April,18,2025-W18,Tuesday
20250430,2025-04-30,2025,Q2,4,April,18,2025-W18,Wednesday
20250501,2025-05-01,2025,Q2,5,May,18,2025-W18,Thursday
20250502,2025-05-02,2025,Q2,5,May,18,2025-W18,Friday
20250503,2025-05-03,2025,Q2,5,May,18,2025-W18,Saturday
20250504,2025-05-04,2025,Q2,5,May,18,2025-W18,Sunday
20250505,2025-05-05,2025,Q2,5,May,19,2025-W19,Monday
20250506,2025-05-06,2025,Q2,5,May,19,2025-W19,Tuesday
20250507,2025-05-07,2025,Q2,5,May,19,2025-W19,Wednesday
20250508,2025-05-08,2025,Q2,5,May,19,2025-W19,Thursday
20250509,2025-05-09,2025,Q2,5,May,19,2025-W19,Friday
20250510,2025-05-10,2025,Q2,5,May,19,2025-W19,Saturday
20250511,2025-05-11,2025,Q2,5,May,19,2025-W19,Sunday
20250512,2025-05-12,2025,Q2,5,May,20,2025-W20,Monday
20250513,2025-05-13,2025,Q2,5,May,20,2025-W20,Tuesday
20250514,2025-05-14,2025,Q2,5,May,20,2025-W20,Wednesday
20250515,2025-05-15,2025,Q2,5,May,20,2025-W20,Thursday
20250516,2025-05-16,2025,Q2,5,May,20,2025-W20,Friday
20250517,2025-05-17,2025,Q2,5,May,20,2025-W20,Saturday
20250518,2025-05-18,2025,Q2,5,May,20,2025-W20,Sunday
20250519,2025-05-19,2025,Q2,5,May,21,2025-W21,Monday
20250520,2025-05-20,2025,Q2,5,May,21,2025-W21,Tuesday
20250521,2025-05-21,2025,Q2,5,May,21,2025-W21,Wednesday
20250522,2025-05-22,2025,Q2,5,May,21,2025-W21,Thursday
20250523,2025-05-23,2025,Q2,5,May,21,2025-W21,Friday
20250524,2025-05-24,2025,Q2,5,May,21,2025-W21,Saturday
20250525,2025-05-25,2025,Q2,5,May,21,2025-W21,Sunday
20250526,2025-05-26,2025,Q2,5,May,22,2025-W22,Monday
20250527,2025-05-27,2025,Q2,5,May,22,2025-W22,Tuesday
20250528,2025-05-28,2025,Q2,5,May,22,2025-W22,Wednesday
20250529,2025-05-29,2025,Q2,5,May,22,2025-W22,Thursday
20250530,2025-05-30,2025,Q2,5,May,22,2025-W22,Friday
20250531,2025-05-31,2025,Q2,5,May,22,2025-W22,Saturday
20250601,2025-06-01,2025,Q2,6,June,22,2025-W22,Sunday
20250602,2025-06-02,2025,Q2,6,June,23,2025-W23,Monday
20250603,2025-06-03,2025,Q2,6,June,23,2025-W23,Tuesday
20250604,2025-06-04,2025,Q2,6,June,23,2025-W23,Wednesday
20250605,2025-06-05,2025,Q2,6,June,23,2025-W23,Thursday
20250606,2025-06-06,2025,Q2,6,June,23,2025-W23,Friday
20250607,2025-06-07,2025,Q2,6,June,23,2025-W23,Saturday
20250608,2025-06-08,2025,Q2,6,June,23,2025-W23,Sunday
20250609,2025-06-09,2025,Q2,6,June,24,2025-W24,Monday
20250610,2025-06-10,2025,Q2,6,June,24,2025-W24,Tuesday
20250611,2025-06-11,2025,Q2,6,June,24,2025-W24,Wednesday
20250612,2025-06-12,2025,Q2,6,June,24,2025-W24,Thursday
20250613,2025-06-13,2025,Q2,6,June,24,2025-W24,Friday
20250614,2025-06-14,2025,Q2,6,June,24,2025-W24,Saturday
20250615,2025-06-15,2025,Q2,6,June,24,2025-W24,Sunday
20250616,2025-06-16,2025,Q2,6,June,25,2025-W25,Monday
20250617,2025-06-17,2025,Q2,6,June,25,2025-W25,Tuesday
20250618,2025-06-18,2025,Q2,6,June,25,2025-W25,Wednesday
20250619,2025-06-19,2025,Q2,6,June,25,2025-W25,Thursday
20250620,2025-06-20,2025,Q2,6,June,25,2025-W25,Friday
20250621,2025-06-21,2025,Q2,6,June,25,2025-W25,Saturday
20250622,2025-06-22,2025,Q2,6,June,25,2025-W25,Sunday
20250623,2025-06-23,2025,Q2,6,June,26,2025-W26,Monday
20250624,2025-06-24,2025,Q2,6,June,26,2025-W26,Tuesday
20250625,2025-06-25,2025,Q2,6,June,26,2025-W26,Wednesday
20250626,2025-06-26,2025,Q2,6,June,26,2025-W26,Thursday
20250627,2025-06-27,2025,Q2,6,June,26,2025-W26,Friday
20250628,2025-06-28,2025,Q2,6,June,26,2025-W26,Saturday
20250629,2025-06-29,2025,Q2,6,June,26,2025-W26,Sunday
20250630,2025-06-30,2025,Q2,6,June,27,2025-W27,Monday
20250701,2025-07-01,2025,Q3,7,July,27,2025-W27,Tuesday
20250702,2025-07-02,2025,Q3,7,July,27,2025-W27,Wednesday
20250703,2025-07-03,2025,Q3,7,July,27,2025-W27,Thursday
20250704,2025-07-04,2025,Q3,7,July,27,2025-W27,Friday
20250705,2025-07-05,2025,Q3,7,July,27,2025-W27,Saturday
20250706,2025-07-06,2025,Q3,7,July,27,2025-W27,Sunday
20250707,2025-07-07,2025,Q3,7,July,28,2025-W28,Monday
20250708,2025-07-08,2025,Q3,7,July,28,2025-W28,Tuesday
20250709,2025-07-09,2025,Q3,7,July,28,2025-W28,Wednesday
20250710,2025-07-10,2025,Q3,7,July,28,2025-W28,Thursday
20250711,2025-07-11,2025,Q3,7,July,28,2025-W28,Friday
20250712,2025-07-12,2025,Q3,7,July,28,2025-W28,Saturday
20250713,2025-07-13,2025,Q3,7,July,28,2025-W28,Sunday
20250714,2025-07-14,2025,Q3,7,July,29,2025-W29,Monday
20250715,2025-07-15,2025,Q3,7,July,29,2025-W29,Tuesday
20250716,2025-07-16,2025,Q3,7,July,29,2025-W29,Wednesday
20250717,2025-07-17,2025,Q3,7,July,29,2025-W29,Thursday
20250718,2025-07-18,2025,Q3,7,July,29,2025-W29,Friday
20250719,2025-07-19,2025,Q3,7,July,29,2025-W29,Saturday
20250720,2025-07-20,2025,Q3,7,July,29,2025-W29,Sunday
20250721,2025-07-21,2025,Q3,7,July,30,2025-W30,Monday
20250722,2025-07-22,2025,Q3,7,July,30,2025-W30,Tuesday
20250723,2025-07-23,2025,Q3,7,July,30,2025-W30,Wednesday
20250724,2025-07-24,2025,Q3,7,July,30,2025-W30,Thursday
20250725,2025-07-25,2025,Q3,7,July,30,2025-W30,Friday
20250726,2025-07-26,2025,Q3,7,July,30,2025-W30,Saturday
20250727,2025-07-27,2025,Q3,7,July,30,2025-W30,Sunday
20250728,2025-07-28,2025,Q3,7,July,31,2025-W31,Monday
20250729,2025-07-29,2025,Q3,7,July,31,2025-W31,Tuesday
20250730,2025-07-30,2025,Q3,7,July,31,2025-W31,Wednesday
20250731,2025-07-31,2025,Q3,7,July,31,2025-W31,Thursday
20250801,2025-08-01,2025,Q3,8,August,31,2025-W31,Friday
20250802,2025-08-02,2025,Q3,8,August,31,2025-W31,Saturday
20250803,2025-08-03,2025,Q3,8,August,31,2025-W31,Sunday
20250804,2025-08-04,2025,Q3,8,August,32,2025-W32,Monday
20250805,2025-08-05,2025,Q3,8,August,32,2025-W32,Tuesday
20250806,2025-08-06,2025,Q3,8,August,32,2025-W32,Wednesday
20250807,2025-08-07,2025,Q3,8,August,32,2025-W32,Thursday
20250808,2025-08-08,2025,Q3,8,August,32,2025-W32,Friday
20250809,2025-08-09,2025,Q3,8,August,32,2025-W32,Saturday
20250810,2025-08-10,2025,Q3,8,August,32,2025-W32,Sunday
20250811,2025-08-11,2025,Q3,8,August,33,2025-W33,Monday
20250812,2025-08-12,2025,Q3,8,August,33,2025-W33,Tuesday
20250813,2025-08-13,2025,Q3,8,August,33,2025-W33,Wednesday
20250814,2025-08-14,2025,Q3,8,August,33,2025-W33,Thursday
20250815,2025-08-15,2025,Q3,8,August,33,2025-W33,Friday
20250816,2025-08-16,2025,Q3,8,August,33,2025-W33,Saturday
20250817,2025-08-17,2025,Q3,8,August,33,2025-W33,Sunday
20250818,2025-08-18,2025,Q3,8,August,34,2025-W34,Monday
20250819,2025-08-19,2025,Q3,8,August,34,2025-W34,Tuesday
20250820,2025-08-20,2025,Q3,8,August,34,2025-W34,Wednesday
20250821,2025-08-21,2025,Q3,8,August,34,2025-W34,Thursday
20250822,2025-08-22,2025,Q3,8,August,34,2025-W34,Friday
20250823,2025-08-23,2025,Q3,8,August,34,2025-W34,Saturday
20250824,2025-08-24,2025,Q3,8,August,34,2025-W34,Sunday
20250825,2025-08-25,2025,Q3,8,August,35,2025-W35,Monday
20250826,2025-08-26,2025,Q3,8,August,35,2025-W35,Tuesday
20250827,2025-08-27,2025,Q3,8,August,35,2025-W35,Wednesday
20250828,2025-08-28,2025,Q3,8,August,35,2025-W35,Thursday
20250829,2025-08-29,2025,Q3,8,August,35,2025-W35,Friday
20250830,2025-08-30,2025,Q3,8,August,35,2025-W35,Saturday
20250831,2025-08-31,2025,Q3,8,August,35,2025-W35,Sunday
20250901,2025-09-01,2025,Q3,9,September,36,2025-W36,Monday
20250902,2025-09-02,2025,Q3,9,September,36,2025-W36,Tuesday
20250903,2025-09-03,2025,Q3,9,September,36,2025-W36,Wednesday
20250904,2025-09-04,2025,Q3,9,September,36,2025-W36,Thursday
20250905,2025-09-05,2025,Q3,9,September,36,2025-W36,Friday
20250906,2025-09-06,2025,Q3,9,September,36,2025-W36,Saturday
20250907,2025-09-07,2025,Q3,9,September,36,2025-W36,Sunday
20250908,2025-09-08,2025,Q3,9,September,37,2025-W37,Monday
20250909,2025-09-09,2025,Q3,9,September,37,2025-W37,Tuesday
20250910,2025-09-10,2025,Q3,9,September,37,2025-W37,Wednesday
20250911,2025-09-11,2025,Q3,9,September,37,2025-W37,Thursday
20250912,2025-09-12,2025,Q3,9,September,37,2025-W37,Friday
20250913,2025-09-13,2025,Q3,9,September,37,2025-W37,Saturday
20250914,2025-09-14,2025,Q3,9,September,37,2025-W37,Sunday
20250915,2025-09-15,2025,Q3,9,September,38,2025-W38,Monday
20250916,2025-09-16,2025,Q3,9,September,38,2025-W38,Tuesday
20250917,2025-09-17,2025,Q3,9,September,38,2025-W38,Wednesday
20250918,2025-09-18,2025,Q3,9,September,38,2025-W38,Thursday
20250919,2025-09-19,2025,Q3,9,September,38,2025-W38,Friday
20250920,2025-09-20,2025,Q3,9,September,38,2025-W38,Saturday
20250921,2025-09-21,2025,Q3,9,September,38,2025-W38,Sunday
20250922,2025-09-22,2025,Q3,9,September,39,2025-W39,Monday
20250923,2025-09-23,2025,Q3,9,September,39,2025-W39,Tuesday
20250924,2025-09-24,2025,Q3,9,September,39,2025-W39,Wednesday
20250925,2025-09-25,2025,Q3,9,September,39,2025-W39,Thursday
20250926,2025-09-26,2025,Q3,9,September,39,2025-W39,Friday
20250927,2025-09-27,2025,Q3,9,September,39,2025-W39,Saturday
20250928,2025-09-28,2025,Q3,9,September,39,2025-W39,Sunday
20250929,2025-09-29,2025,Q3,9,September,40,2025-W40,Monday
20250930,2025-09-30,2025,Q3,9,September,40,2025-W40,Tuesday
20251001,2025-10-01,2025,Q4,10,October,40,2025-W40,Wednesday
20251002,2025-10-02,2025,Q4,10,October,40,2025-W40,Thursday
20251003,2025-10-03,2025,Q4,10,October,40,2025-W40,Friday
20251004,2025-10-04,2025,Q4,10,October,40,2025-W40,Saturday
20251005,2025-10-05,2025,Q4,10,October,40,2025-W40,Sunday
20251006,2025-10-06,2025,Q4,10,October,41,2025-W41,Monday
20251007,2025-10-07,2025,Q4,10,October,41,2025-W41,Tuesday
20251008,2025-10-08,2025,Q4,10,October,41,2025-W41,Wednesday
20251009,2025-10-09,2025,Q4,10,October,41,2025-W41,Thursday
20251010,2025-10-10,2025,Q4,10,October,41,2025-W41,Friday
20251011,2025-10-11,2025,Q4,10,October,41,2025-W41,Saturday
20251012,2025-10-12,2025,Q4,10,October,41,2025-W41,Sunday
20251013,2025-10-13,2025,Q4,10,October,42,2025-W42,Monday
20251014,2025-10-14,2025,Q4,10,October,42,2025-W42,Tuesday
20251015,2025-10-15,2025,Q4,10,October,42,2025-W42,Wednesday
20251016,2025-10-16,2025,Q4,10,October,42,2025-W42,Thursday
20251017,2025-10-17,2025,Q4,10,October,42,2025-W42,Friday
20251018,2025-10-18,2025,Q4,10,October,42,2025-W42,Saturday
20251019,2025-10-19,2025,Q4,10,October,42,2025-W42,Sunday
20251020,2025-10-20,2025,Q4,10,October,43,2025-W43,Monday
20251021,2025-10-21,2025,Q4,10,October,43,2025-W43,Tuesday
20251022,2025-10-22,2025,Q4,10,October,43,2025-W43,Wednesday
20251023,2025-10-23,2025,Q4,10,October,43,2025-W43,Thursday
20251024,2025-10-24,2025,Q4,10,October,43,2025-W43,Friday
20251025,2025-10-25,2025,Q4,10,October,43,2025-W43,Saturday
20251026,2025-10-26,2025,Q4,10,October,43,2025-W43,Sunday
20251027,2025-10-27,2025,Q4,10,October,44,2025-W44,Monday
20251028,2025-10-28,2025,Q4,10,October,44,2025-W44,Tuesday
20251029,2025-10-29,2025,Q4,10,October,44,2025-W44,Wednesday
20251030,2025-10-30,2025,Q4,10,October,44,2025-W44,Thursday
20251031,2025-10-31,2025,Q4,10,October,44,2025-W44,Friday
20251101,2025-11-01,2025,Q4,11,November,44,2025-W44,Saturday
20251102,2025-11-02,2025,Q4,11,November,44,2025-W44,Sunday
20251103,2025-11-03,2025,Q4,11,November,45,2025-W45,Monday
20251104,2025-11-04,2025,Q4,11,November,45,2025-W45,Tuesday
20251105,2025-11-05,2025,Q4,11,November,45,2025-W45,Wednesday
20251106,2025-11-06,2025,Q4,11,November,45,2025-W45,Thursday
20251107,2025-11-07,2025,Q4,11,November,45,2025-W45,Friday
20251108,2025-11-08,2025,Q4,11,November,45,2025-W45,Saturday
20251109,2025-11-09,2025,Q4,11,November,45,2025-W45,Sunday
20251110,2025-11-10,2025,Q4,11,November,46,2025-W46,Monday
20251111,2025-11-11,2025,Q4,11,November,46,2025-W46,Tuesday
20251112,2025-11-12,2025,Q4,11,November,46,2025-W46,Wednesday
20251113,2025-11-13,2025,Q4,11,November,46,2025-W46,Thursday
20251114,2025-11-14,2025,Q4,11,November,46,2025-W46,Friday
20251115,2025-11-15,2025,Q4,11,November,46,2025-W46,Saturday
20251116,2025-11-16,2025,Q4,11,November,46,2025-W46,Sunday
20251117,2025-11-17,2025,Q4,11,November,47,2025-W47,Monday
20251118,2025-11-18,2025,Q4,11,November,47,2025-W47,Tuesday
20251119,2025-11-19,2025,Q4,11,November,47,2025-W47,Wednesday
20251120,2025-11-20,2025,Q4,11,November,47,2025-W47,Thursday
20251121,2025-11-21,2025,Q4,11,November,47,2025-W47,Friday
20251122,2025-11-22,2025,Q4,11,November,47,2025-W47,Saturday
20251123,2025-11-23,2025,Q4,11,November,47,2025-W47,Sunday
20251124,2025-11-24,2025,Q4,11,November,48,2025-W48,Monday
20251125,2025-11-25,2025,Q4,11,November,48,2025-W48,Tuesday
20251126,2025-11-26,2025,Q4,11,November,48,2025-W48,Wednesday
20251127,2025-11-27,2025,Q4,11,November,48,2025-W48,Thursday
20251128,2025-11-28,2025,Q4,11,November,48,2025-W48,Friday
20251129,2025-11-29,2025,Q4,11,November,48,2025-W48,Saturday
20251130,2025-11-30,2025,Q4,11,November,48,2025-W48,Sunday
20251201,2025-12-01,2025,Q4,12,December,49,2025-W49,Monday
20251202,2025-12-02,2025,Q4,12,December,49,2025-W49,Tuesday
20251203,2025-12-03,2025,Q4,12,December,49,2025-W49,Wednesday
20251204,2025-12-04,2025,Q4,12,December,49,2025-W49,Thursday
20251205,2025-12-05,2025,Q4,12,December,49,2025-W49,Friday
20251206,2025-12-06,2025,Q4,12,December,49,2025-W49,Saturday
20251207,2025-12-07,2025,Q4,12,December,49,2025-W49,Sunday
20251208,2025-12-08,2025,Q4,12,December,50,2025-W50,Monday
20251209,2025-12-09,2025,Q4,12,December,50,2025-W50,Tuesday
20251210,2025-12-10,2025,Q4,12,December,50,2025-W50,Wednesday
20251211,2025-12-11,2025,Q4,12,December,50,2025-W50,Thursday
20251212,2025-12-12,2025,Q4,12,December,50,2025-W50,Friday
20251213,2025-12-13,2025,Q4,12,December,50,2025-W50,Saturday
20251214,2025-12-14,2025,Q4,12,December,50,2025-W50,Sunday
20251215,2025-12-15,2025,Q4,12,December,51,2025-W51,Monday
20251216,2025-12-16,2025,Q4,12,December,51,2025-W51,Tuesday
20251217,2025-12-17,2025,Q4,12,December,51,2025-W51,Wednesday
20251218,2025-12-18,2025,Q4,12,December,51,2025-W51,Thursday
20251219,2025-12-19,2025,Q4,12,December,51,2025-W51,Friday
20251220,2025-12-20,2025,Q4,12,December,51,2025-W51,Saturday
20251221,2025-12-21,2025,Q4,12,December,51,2025-W51,Sunday
20251222,2025-12-22,2025,Q4,12,December,52,2025-W52,Monday
20251223,2025-12-23,2025,Q4,12,December,52,2025-W52,Tuesday
20251224,2025-12-24,2025,Q4,12,December,52,2025-W52,Wednesday
20251225,2025-12-25,2025,Q4,12,December,52,2025-W52,Thursday
20251226,2025-12-26,2025,Q4,12,December,52,2025-W52,Friday
20251227,2025-12-27,2025,Q4,12,December,52,2025-W52,Saturday
20251228,2025-12-28,2025,Q4,12,December,52,2025-W52,Sunday
20251229,2025-12-29,2025,Q4,12,December,1,2025-W01,Monday
20251230,2025-12-30,2025,Q4,12,December,1,2025-W01,Tuesday
20251231,2025-12-31,2025,Q4,12,December,1,2025-W01,Wednesday
20260101,2026-01-01,2026,Q1,1,January,1,2026-W01,Thursday
20260102,2026-01-02,2026,Q1,1,January,1,2026-W01,Friday
20260103,2026-01-03,2026,Q1,1,January,1,2026-W01,Saturday
20260104,2026-01-04,2026,Q1,1,January,1,2026-W01,Sunday
20260105,2026-01-05,2026,Q1,1,January,2,2026-W02,Monday
20260106,2026-01-06,2026,Q1,1,January,2,2026-W02,Tuesday
20260107,2026-01-07,2026,Q1,1,January,2,2026-W02,Wednesday
20260108,2026-01-08,2026,Q1,1,January,2,2026-W02,Thursday
20260109,2026-01-09,2026,Q1,1,January,2,2026-W02,Friday
20260110,2026-01-10,2026,Q1,1,January,2,2026-W02,Saturday
20260111,2026-01-11,2026,Q1,1,January,2,2026-W02,Sunday
20260112,2026-01-12,2026,Q1,1,January,3,2026-W03,Monday
20260113,2026-01-13,2026,Q1,1,January,3,2026-W03,Tuesday
20260114,2026-01-14,2026,Q1,1,January,3,2026-W03,Wednesday
20260115,2026-01-15,2026,Q1,1,January,3,2026-W03,Thursday
20260116,2026-01-16,2026,Q1,1,January,3,2026-W03,Friday
20260117,2026-01-17,2026,Q1,1,January,3,2026-W03,Saturday
20260118,2026-01-18,2026,Q1,1,January,3,2026-W03,Sunday
20260119,2026-01-19,2026,Q1,1,January,4,2026-W04,Monday
20260120,2026-01-20,2026,Q1,1,January,4,2026-W04,Tuesday
20260121,2026-01-21,2026,Q1,1,January,4,2026-W04,Wednesday
20260122,2026-01-22,2026,Q1,1,January,4,2026-W04,Thursday
20260123,2026-01-23,2026,Q1,1,January,4,2026-W04,Friday
20260124,2026-01-24,2026,Q1,1,January,4,2026-W04,Saturday
20260125,2026-01-25,2026,Q1,1,January,4,2026-W04,Sunday
20260126,2026-01-26,2026,Q1,1,January,5,2026-W05,Monday
20260127,2026-01-27,2026,Q1,1,January,5,2026-W05,Tuesday
20260128,2026-01-28,2026,Q1,1,January,5,2026-W05,Wednesday
20260129,2026-01-29,2026,Q1,1,January,5,2026-W05,Thursday
20260130,2026-01-30,2026,Q1,1,January,5,2026-W05,Friday
20260131,2026-01-31,2026,Q1,1,January,5,2026-W05,Saturday
20260201,2026-02-01,2026,Q1,2,February,5,2026-W05,Sunday
20260202,2026-02-02,2026,Q1,2,February,6,2026-W06,Monday
20260203,2026-02-03,2026,Q1,2,February,6,2026-W06,Tuesday
20260204,2026-02-04,2026,Q1,2,February,6,2026-W06,Wednesday
20260205,2026-02-05,2026,Q1,2,February,6,2026-W06,Thursday
20260206,2026-02-06,2026,Q1,2,February,6,2026-W06,Friday
20260207,2026-02-07,2026,Q1,2,February,6,2026-W06,Saturday
20260208,2026-02-08,2026,Q1,2,February,6,2026-W06,Sunday
20260209,2026-02-09,2026,Q1,2,February,7,2026-W07,Monday
20260210,2026-02-10,2026,Q1,2,February,7,2026-W07,Tuesday
20260211,2026-02-11,2026,Q1,2,February,7,2026-W07,Wednesday
20260212,2026-02-12,2026,Q1,2,February,7,2026-W07,Thursday
20260213,2026-02-13,2026,Q1,2,February,7,2026-W07,Friday
20260214,2026-02-14,2026,Q1,2,February,7,2026-W07,Saturday
20260215,2026-02-15,2026,Q1,2,February,7,2026-W07,Sunday
20260216,2026-02-16,2026,Q1,2,February,8,2026-W08,Monday
20260217,2026-02-17,2026,Q1,2,February,8,2026-W08,Tuesday
20260218,2026-02-18,2026,Q1,2,February,8,2026-W08,Wednesday
20260219,2026-02-19,2026,Q1,2,February,8,2026-W08,Thursday
20260220,2026-02-20,2026,Q1,2,February,8,2026-W08,Friday
20260221,2026-02-21,2026,Q1,2,February,8,2026-W08,Saturday
20260222,2026-02-22,2026,Q1,2,February,8,2026-W08,Sunday
20260223,2026-02-23,2026,Q1,2,February,9,2026-W09,Monday
20260224,2026-02-24,2026,Q1,2,February,9,2026-W09,Tuesday
20260225,2026-02-25,2026,Q1,2,February,9,2026-W09,Wednesday
20260226,2026-02-26,2026,Q1,2,February,9,2026-W09,Thursday
20260227,2026-02-27,2026,Q1,2,February,9,2026-W09,Friday
20260228,2026-02-28,2026,Q1,2,February,9,2026-W09,Saturday
20260301,2026-03-01,2026,Q1,3,March,9,2026-W09,Sunday
20260302,2026-03-02,2026,Q1,3,March,10,2026-W10,Monday
20260303,2026-03-03,2026,Q1,3,March,10,2026-W10,Tuesday
20260304,2026-03-04,2026,Q1,3,March,10,2026-W10,Wednesday
20260305,2026-03-05,2026,Q1,3,March,10,2026-W10,Thursday
20260306,2026-03-06,2026,Q1,3,March,10,2026-W10,Friday
20260307,2026-03-07,2026,Q1,3,March,10,2026-W10,Saturday
20260308,2026-03-08,2026,Q1,3,March,10,2026-W10,Sunday
20260309,2026-03-09,2026,Q1,3,March,11,2026-W11,Monday
20260310,2026-03-10,2026,Q1,3,March,11,2026-W11,Tuesday
20260311,2026-03-11,2026,Q1,3,March,11,2026-W11,Wednesday
20260312,2026-03-12,2026,Q1,3,March,11,2026-W11,Thursday
20260313,2026-03-13,2026,Q1,3,March,11,2026-W11,Friday
20260314,2026-03-14,2026,Q1,3,March,11,2026-W11,Saturday
20260315,2026-03-15,2026,Q1,3,March,11,2026-W11,Sunday
20260316,2026-03-16,2026,Q1,3,March,12,2026-W12,Monday
20260317,2026-03-17,2026,Q1,3,March,12,2026-W12,Tuesday
20260318,2026-03-18,2026,Q1,3,March,12,2026-W12,Wednesday
20260319,2026-03-19,2026,Q1,3,March,12,2026-W12,Thursday
20260320,2026-03-20,2026,Q1,3,March,12,2026-W12,Friday
20260321,2026-03-21,2026,Q1,3,March,12,2026-W12,Saturday
20260322,2026-03-22,2026,Q1,3,March,12,2026-W12,Sunday
20260323,2026-03-23,2026,Q1,3,March,13,2026-W13,Monday
20260324,2026-03-24,2026,Q1,3,March,13,2026-W13,Tuesday
20260325,2026-03-25,2026,Q1,3,March,13,2026-W13,Wednesday
20260326,2026-03-26,2026,Q1,3,March,13,2026-W13,Thursday
20260327,2026-03-27,2026,Q1,3,March,13,2026-W13,Friday
20260328,2026-03-28,2026,Q1,3,March,13,2026-W13,Saturday
20260329,2026-03-29,2026,Q1,3,March,13,2026-W13,Sunday
20260330,2026-03-30,2026,Q1,3,March,14,2026-W14,Monday
20260331,2026-03-31,2026,Q1,3,March,14,2026-W14,Tuesday
20260401,2026-04-01,2026,Q2,4,April,14,2026-W14,Wednesday
20260402,2026-04-02,2026,Q2,4,April,14,2026-W14,Thursday
20260403,2026-04-03,2026,Q2,4,April,14,2026-W14,Friday
20260404,2026-04-04,2026,Q2,4,April,14,2026-W14,Saturday
20260405,2026-04-05,2026,Q2,4,April,14,2026-W14,Sunday
20260406,2026-04-06,2026,Q2,4,April,15,2026-W15,Monday
20260407,2026-04-07,2026,Q2,4,April,15,2026-W15,Tuesday
20260408,2026-04-08,2026,Q2,4,April,15,2026-W15,Wednesday
20260409,2026-04-09,2026,Q2,4,April,15,2026-W15,Thursday
20260410,2026-04-10,2026,Q2,4,April,15,2026-W15,Friday
20260411,2026-04-11,2026,Q2,4,April,15,2026-W15,Saturday
20260412,2026-04-12,2026,Q2,4,April,15,2026-W15,Sunday
20260413,2026-04-13,2026,Q2,4,April,16,2026-W16,Monday
20260414,2026-04-14,2026,Q2,4,April,16,2026-W16,Tuesday
20260415,2026-04-15,2026,Q2,4,April,16,2026-W16,Wednesday
20260416,2026-04-16,2026,Q2,4,April,16,2026-W16,Thursday
20260417,2026-04-17,2026,Q2,4,April,16,2026-W16,Friday
20260418,2026-04-18,2026,Q2,4,April,16,2026-W16,Saturday
20260419,2026-04-19,2026,Q2,4,April,16,2026-W16,Sunday
20260420,2026-04-20,2026,Q2,4,April,17,2026-W17,Monday
20260421,2026-04-21,2026,Q2,4,April,17,2026-W17,Tuesday
20260422,2026-04-22,2026,Q2,4,April,17,2026-W17,Wednesday
20260423,2026-04-23,2026,Q2,4,April,17,2026-W17,Thursday
20260424,2026-04-24,2026,Q2,4,April,17,2026-W17,Friday
20260425,2026-04-25,2026,Q2,4,April,17,2026-W17,Saturday
20260426,2026-04-26,2026,Q2,4,April,17,2026-W17,Sunday
20260427,2026-04-27,2026,Q2,4,April,18,2026-W18,Monday
20260428,2026-04-28,2026,Q2,4,April,18,2026-W18,Tuesday
20260429,2026-04-29,2026,Q2,4,April,18,2026-W18,Wednesday
20260430,2026-04-30,2026,Q2,4,April,18,2026-W18,Thursday
20260501,2026-05-01,2026,Q2,5,May,18,2026-W18,Friday
20260502,2026-05-02,2026,Q2,5,May,18,2026-W18,Saturday
20260503,2026-05-03,2026,Q2,5,May,18,2026-W18,Sunday
20260504,2026-05-04,2026,Q2,5,May,19,2026-W19,Monday
20260505,2026-05-05,2026,Q2,5,May,19,2026-W19,Tuesday
20260506,2026-05-06,2026,Q2,5,May,19,2026-W19,Wednesday
20260507,2026-05-07,2026,Q2,5,May,19,2026-W19,Thursday
20260508,2026-05-08,2026,Q2,5,May,19,2026-W19,Friday
20260509,2026-05-09,2026,Q2,5,May,19,2026-W19,Saturday
20260510,2026-05-10,2026,Q2,5,May,19,2026-W19,Sunday
20260511,2026-05-11,2026,Q2,5,May,20,2026-W20,Monday
20260512,2026-05-12,2026,Q2,5,May,20,2026-W20,Tuesday
20260513,2026-05-13,2026,Q2,5,May,20,2026-W20,Wednesday
20260514,2026-05-14,2026,Q2,5,May,20,2026-W20,Thursday
20260515,2026-05-15,2026,Q2,5,May,20,2026-W20,Friday
20260516,2026-05-16,2026,Q2,5,May,20,2026-W20,Saturday
20260517,2026-05-17,2026,Q2,5,May,20,2026-W20,Sunday
20260518,2026-05-18,2026,Q2,5,May,21,2026-W21,Monday
20260519,2026-05-19,2026,Q2,5,May,21,2026-W21,Tuesday
20260520,2026-05-20,2026,Q2,5,May,21,2026-W21,Wednesday
20260521,2026-05-21,2026,Q2,5,May,21,2026-W21,Thursday
20260522,2026-05-22,2026,Q2,5,May,21,2026-W21,Friday
20260523,2026-05-23,2026,Q2,5,May,21,2026-W21,Saturday
20260524,2026-05-24,2026,Q2,5,May,21,2026-W21,Sunday
20260525,2026-05-25,2026,Q2,5,May,22,2026-W22,Monday
20260526,2026-05-26,2026,Q2,5,May,22,2026-W22,Tuesday
20260527,2026-05-27,2026,Q2,5,May,22,2026-W22,Wednesday
20260528,2026-05-28,2026,Q2,5,May,22,2026-W22,Thursday
20260529,2026-05-29,2026,Q2,5,May,22,2026-W22,Friday
20260530,2026-05-30,2026,Q2,5,May,22,2026-W22,Saturday
20260531,2026-05-31,2026,Q2,5,May,22,2026-W22,Sunday
20260601,2026-06-01,2026,Q2,6,June,23,2026-W23,Monday
20260602,2026-06-02,2026,Q2,6,June,23,2026-W23,Tuesday
20260603,2026-06-03,2026,Q2,6,June,23,2026-W23,Wednesday
20260604,2026-06-04,2026,Q2,6,June,23,2026-W23,Thursday
20260605,2026-06-05,2026,Q2,6,June,23,2026-W23,Friday
20260606,2026-06-06,2026,Q2,6,June,23,2026-W23,Saturday
20260607,2026-06-07,2026,Q2,6,June,23,2026-W23,Sunday
20260608,2026-06-08,2026,Q2,6,June,24,2026-W24,Monday
20260609,2026-06-09,2026,Q2,6,June,24,2026-W24,Tuesday
20260610,2026-06-10,2026,Q2,6,June,24,2026-W24,Wednesday
20260611,2026-06-11,2026,Q2,6,June,24,2026-W24,Thursday
20260612,2026-06-12,2026,Q2,6,June,24,2026-W24,Friday
20260613,2026-06-13,2026,Q2,6,June,24,2026-W24,Saturday
20260614,2026-06-14,2026,Q2,6,June,24,2026-W24,Sunday
20260615,2026-06-15,2026,Q2,6,June,25,2026-W25,Monday
20260616,2026-06-16,2026,Q2,6,June,25,2026-W25,Tuesday
20260617,2026-06-17,2026,Q2,6,June,25,2026-W25,Wednesday
20260618,2026-06-18,2026,Q2,6,June,25,2026-W25,Thursday
20260619,2026-06-19,2026,Q2,6,June,25,2026-W25,Friday
20260620,2026-06-20,2026,Q2,6,June,25,2026-W25,Saturday
20260621,2026-06-21,2026,Q2,6,June,25,2026-W25,Sunday
20260622,2026-06-22,2026,Q2,6,June,26,2026-W26,Monday
20260623,2026-06-23,2026,Q2,6,June,26,2026-W26,Tuesday
20260624,2026-06-24,2026,Q2,6,June,26,2026-W26,Wednesday
20260625,2026-06-25,2026,Q2,6,June,26,2026-W26,Thursday
20260626,2026-06-26,2026,Q2,6,June,26,2026-W26,Friday
20260627,2026-06-27,2026,Q2,6,June,26,2026-W26,Saturday
20260628,2026-06-28,2026,Q2,6,June,26,2026-W26,Sunday
20260629,2026-06-29,2026,Q2,6,June,27,2026-W27,Monday
20260630,2026-06-30,2026,Q2,6,June,27,2026-W27,Tuesday
20260701,2026-07-01,2026,Q3,7,July,27,2026-W27,Wednesday
20260702,2026-07-02,2026,Q3,7,July,27,2026-W27,Thursday
20260703,2026-07-03,2026,Q3,7,July,27,2026-W27,Friday
20260704,2026-07-04,2026,Q3,7,July,27,2026-W27,Saturday
20260705,2026-07-05,2026,Q3,7,July,27,2026-W27,Sunday
20260706,2026-07-06,2026,Q3,7,July,28,2026-W28,Monday
20260707,2026-07-07,2026,Q3,7,July,28,2026-W28,Tuesday
20260708,2026-07-08,2026,Q3,7,July,28,2026-W28,Wednesday
20260709,2026-07-09,2026,Q3,7,July,28,2026-W28,Thursday
20260710,2026-07-10,2026,Q3,7,July,28,2026-W28,Friday
20260711,2026-07-11,2026,Q3,7,July,28,2026-W28,Saturday
20260712,2026-07-12,2026,Q3,7,July,28,2026-W28,Sunday
20260713,2026-07-13,2026,Q3,7,July,29,2026-W29,Monday
20260714,2026-07-14,2026,Q3,7,July,29,2026-W29,Tuesday
20260715,2026-07-15,2026,Q3,7,July,29,2026-W29,Wednesday
20260716,2026-07-16,2026,Q3,7,July,29,2026-W29,Thursday
20260717,2026-07-17,2026,Q3,7,July,29,2026-W29,Friday
20260718,2026-07-18,2026,Q3,7,July,29,2026-W29,Saturday
20260719,2026-07-19,2026,Q3,7,July,29,2026-W29,Sunday
20260720,2026-07-20,2026,Q3,7,July,30,2026-W30,Monday
20260721,2026-07-21,2026,Q3,7,July,30,2026-W30,Tuesday
20260722,2026-07-22,2026,Q3,7,July,30,2026-W30,Wednesday
20260723,2026-07-23,2026,Q3,7,July,30,2026-W30,Thursday
20260724,2026-07-24,2026,Q3,7,July,30,2026-W30,Friday
20260725,2026-07-25,2026,Q3,7,July,30,2026-W30,Saturday
20260726,2026-07-26,2026,Q3,7,July,30,2026-W30,Sunday
20260727,2026-07-27,2026,Q3,7,July,31,2026-W31,Monday
20260728,2026-07-28,2026,Q3,7,July,31,2026-W31,Tuesday
20260729,2026-07-29,2026,Q3,7,July,31,2026-W31,Wednesday
20260730,2026-07-30,2026,Q3,7,July,31,2026-W31,Thursday
20260731,2026-07-31,2026,Q3,7,July,31,2026-W31,Friday
20260801,2026-08-01,2026,Q3,8,August,31,2026-W31,Saturday
20260802,2026-08-02,2026,Q3,8,August,31,2026-W31,Sunday
20260803,2026-08-03,2026,Q3,8,August,32,2026-W32,Monday
